transaction_id,date,customer_id,product,price,quantity,coupon_code,shipping_city
TXN00001,2024-01-13,CUST0071,Mechanical Keyboard,85.4,2,SAVE15,Montreal
TXN00002,2024-02-14,CUST0152,Fitness Tracker,83.43,1,,Ottawa-Gatineau
TXN00003,2024-09-15,CUST0155,Laptop Stand,42.78,2,SAVE15,Hamilton
TXN00004,2024-04-22,CUST0115,Portable SSD,121.63,1,WELCOME20,Vancouver
TXN00005,2024-06-23,CUST0072,Portable SSD,111.27,3,,Montreal
TXN00006,2024-02-19,CUST0092,Portable SSD,127.81,5,,Toronto
TXN00007,2024-10-01,CUST0032,Smartphone Case,26.27,4,,Hamilton
TXN00008,2024-13-40,CUST0159,Webcam,77.55,3,SAVE10,Ottawa-Gatineau
TXN00009,2024-01-24,CUST0170,Mechanical Keyboard,85.09,3,,Ottawa-Gatineau
TXN00010,2024-07-13,CUST0072,Mechanical Keyboard,89.15,3,,Edmonton
TXN00011,2024-04-17,CUST0172,Noise-Cancelling Headphones,152.53,1,SAVE10,Vancouver
TXN00012,2024-05-05,CUST0042,Fitness Tracker,84.11,3,SAVE15,Hamilton
TXN00013,2024-12-16,CUST0084,Laptop Stand,50.49,1,,Toronto
TXN00014,2024-07-24,CUST0069,Noise-Cancelling Headphones,146.11,5,SAVE15,Edmonton
TXN00015,2024-12-01,CUST0128,Laptop Stand,46.26,4,,Calgary
TXN00016,2024-05-06,CUST0144,USB-C Hub,54.92,5,SAVE5,Kitchener-Cambridge-Waterloo
TXN00017,2024-07-04,CUST0057,Portable SSD,131.39,2,SAVE10,Winnipeg
TXN00018,2024-01-25,CUST0029,Mechanical Keyboard,83.74,2,WELCOME20,Quebec City
TXN00019,2024-02-02,CUST0099,Desk Lamp,39.0,-2,SAVE10,Calgary
TXN00020,2024-01-06,CUST0175,Fitness Tracker,88.49,5,WELCOME20,Calgary
TXN00021,2024-02-27,CUST0076,Noise-Cancelling Headphones,157.9,4,,Calgary
TXN00022,2024-04-01,CUST0130,Fitness Tracker,91.74,3,WELCOME20,Hamilton
TXN00023,2024-04-11,CUST0040,Desk Lamp,38.94,2,SAVE10,Hamilton
TXN00024,2024-11-02,CUST0083,Wireless Mouse,29.92,1,,Calgary
TXN00025,2024-01-30,CUST0062,Laptop Stand,50.82,1,,Winnipeg
TXN00026,2024-09-29,CUST0033,Mechanical Keyboard,83.3,4,SAVE10,Vancouver
TXN00027,2024-09-27,CUST0156,Webcam,70.89,2,SAVE10,Ottawa-Gatineau
TXN00028,2024-07-23,CUST0172,Webcam,74.16,4,SAVE10,Winnipeg
TXN00029,2024-05-06,CUST0058,Mechanical Keyboard,82.14,1,SAVE10,Hamilton
TXN00030,2024-10-28,CUST0057,Laptop Stand,42.59,1,,Montreal
TXN00031,2024-06-18,CUST0019,Wireless Mouse,30.07,3,SAVE15,Winnipeg
TXN00032,2024-10-03,CUST0034,Laptop Stand,unknown,5,SAVE10,Winnipeg
TXN00033,2024-08-30,CUST0105,Laptop Stand,44.32,1,SAVE15,Quebec City
TXN00034,2024-08-04,CUST0106,Noise-Cancelling Headphones,158.93,1,SAVE15,Montreal
TXN00035,2024-07-25,CUST0087,Wireless Mouse,31.79,1,,Ottawa-Gatineau
TXN00036,2024-10-01,CUST0115,Laptop Stand,43.85,2,,Winnipeg
TXN00037,2024-02-08,CUST0114,Laptop Stand,50.16,5,,Toronto
TXN00038,2024-01-08,CUST0024,Fitness Tracker,91.98,2,,Quebec City
TXN00039,2024-09-03,CUST0055,Smartphone Case,25.75,1,,Quebec City
TXN00040,2024-07-18,CUST0068,Wireless Mouse,32.55,4,,Quebec City
TXN00041,2024-12-04,CUST0125,Fitness Tracker,78.9,3,,Toronto
TXN00042,2024-10-04,CUST0016,Desk Lamp,41.93,1,,Kitchener-Cambridge-Waterloo
TXN00043,2024-09-14,CUST0136,Smartphone Case,22.36,5,,Vancouver
TXN00044,2024-10-31,CUST0018,Mechanical Keyboard,93.14,2,SAVE5,Montreal
TXN00045,2024-05-06,CUST0149,Desk Lamp,40.71,5,,
TXN00046,2024-10-16,CUST0134,Desk Lamp,38.48,3,,Edmonton
TXN00047,2024-05-15,CUST0102,Laptop Stand,43.76,3,SAVE5,Edmonton
TXN00048,2024-01-05,CUST0118,Mechanical Keyboard,92.17,5,,Montreal
TXN00049,2024-04-19,CUST0130,Fitness Tracker,80.77,3,,Ottawa-Gatineau
TXN00050,2024-05-25,CUST0041,Noise-Cancelling Headphones,158.01,5,SAVE15,Calgary
TXN00051,2024-11-30,CUST0136,Desk Lamp,36.02,5,,Montreal
TXN00052,2024-05-15,CUST0030,USB-C Hub,58.75,5,,Calgary
TXN00053,2024-11-05,CUST0054,Webcam,75.13,2,SAVE15,Calgary
TXN00054,2024-09-07,CUST0065,Fitness Tracker,91.62,1,,Quebec City
TXN00055,2024-01-23,CUST0001,Webcam,69.6,2,SAVE15,Calgary
TXN00056,2024-08-14,CUST0142,USB-C Hub,56.74,5,NOTREAL,Montreal
TXN00057,2024-12-19,CUST0039,Mechanical Keyboard,90.81,3,SAVE10,Hamilton
TXN00058,2024-08-08,CUST0033,USB-C Hub,49.51,3,WELCOME20,Toronto
TXN00059,2024-04-17,CUST0175,Noise-Cancelling Headphones,151.98,1,,Hamilton
TXN00060,2024-11-13,CUST0040,Portable SSD,129.68,2,WELCOME20,Vancouver
TXN00061,2024-07-30,CUST0007,USB-C Hub,51.01,3,WELCOME20,Quebec City
TXN00062,2024-05-16,CUST0041,Laptop Stand,49.97,1,SAVE5,Toronto
TXN00063,2024-04-23,CUST0052,Smartphone Case,25.52,4,,Calgary
TXN00064,2024-04-24,CUST0007,Laptop Stand,48.76,4,,Calgary
TXN00065,2024-05-22,CUST0090,Mechanical Keyboard,92.54,4,SAVE15,Hamilton
TXN00066,2024-01-15,CUST0030,Noise-Cancelling Headphones,172.05,3,,Kitchener-Cambridge-Waterloo
TXN00067,2024-01-20,CUST0028,Webcam,73.39,3,SAVE15,Edmonton
TXN00068,2024-11-06,CUST0131,Portable SSD,110.31,5,,Calgary
TXN00069,2024-12-28,CUST0112,Wireless Mouse,27.0,5,SAVE15,Ottawa-Gatineau
TXN00070,2024-08-08,CUST0018,Noise-Cancelling Headphones,174.35,3,SAVE10,Edmonton
TXN00071,2024-06-02,CUST0130,Mechanical Keyboard,86.56,4,,Quebec City
TXN00072,2024-10-10,CUST0033,Webcam,67.56,4,SAVE15,Vancouver
TXN00073,2024-10-18,CUST0078,Desk Lamp,39.2,1,,Calgary
TXN00074,2024-08-08,CUST0149,Laptop Stand,48.26,3,SAVE5, toronto 
TXN00075,2024-12-11,CUST0055,Smartphone Case,24.05,2,SAVE15,Montreal
TXN00076,2024-09-20,CUST0170,Webcam,73.91,3,,Ottawa-Gatineau
TXN00077,2024-04-25,CUST0051,Webcam,66.92,1,,Winnipeg
TXN00078,2024-02-07,CUST0117,Desk Lamp,39.27,5,,Quebec City
TXN00079,2024-07-23,CUST0063,Smartphone Case,22.31,1,WELCOME20,Montreal
TXN00080,2024-04-22,CUST0046,Portable SSD,126.77,5,SAVE5,Toronto
TXN00081,2024-05-07,CUST0032,Fitness Tracker,84.01,4,SAVE15,Hamilton
TXN00082,2024-10-31,CUST0082,Fitness Tracker,92.38,4,SAVE10,Hamilton
TXN00083,2024-10-07,CUST0115,Portable SSD,128.99,4,SAVE5,Calgary
TXN00084,2024-11-22,CUST0071,Laptop Stand,49.76,5,SAVE5,Ottawa-Gatineau
TXN00085,2024-08-13,CUST0020,Webcam,75.08,2,,Edmonton
TXN00086,2024-10-03,CUST0021,Noise-Cancelling Headphones,148.42,2,SAVE5,Vancouver
TXN00087,2024-02-02,CUST0107,Laptop Stand,46.38,5,SAVE5,Quebec City
TXN00088,2024-04-15,CUST0108,Wireless Mouse,29.33,5,SAVE15,Toronto
TXN00089,2024-07-13,CUST0123,Desk Lamp,36.0,3,,Quebec City
TXN00090,2024-10-02,CUST0140,Portable SSD,126.67,2,SAVE5,Ottawa-Gatineau
TXN00091,2024-08-11,CUST0125,Webcam,65.22,3,SAVE15,Quebec City
TXN00092,2024-08-27,CUST0033,  Webcam ,59.74,5,,Quebec City
TXN00093,2024-10-15,CUST0170,Desk Lamp,36.17,4,,Winnipeg
TXN00094,2024-01-26,CUST0067,USB-C Hub,53.18,2,SAVE5,Edmonton
TXN00095,2024-07-13,CUST0072,Noise-Cancelling Headphones,168.05,4,,Montreal
TXN00096,2024-01-10,CUST0139,Smartphone Case,21.85,3,,Montreal
TXN00097,2024-01-16,CUST0064,Wireless Mouse,28.19,1,SAVE10,Vancouver
TXN00098,2024-03-05,CUST0122,Laptop Stand,48.85,5,,Winnipeg
TXN00099,2024-07-07,CUST0043,Webcam,73.52,1,WELCOME20,Vancouver
TXN00100,2024-02-25,CUST0149,Webcam,65.17,3,SAVE10,Quebec City
TXN00101,2024-04-11,CUST0020,Portable SSD,121.7,2,,Calgary
TXN00102,2024-03-02,CUST0145,Desk Lamp,42.21,3,SAVE10,Quebec City
TXN00103,2024-02-05,CUST0130,Noise-Cancelling Headphones,164.71,1,WELCOME20,Quebec City
TXN00104,2024-02-24,CUST0111,Smartphone Case,26.21,4,SAVE15,Vancouver
TXN00105,2024-03-31,CUST0134,Portable SSD,130.62,3,SAVE10,Hamilton
TXN00106,2024-08-26,CUST0112,Smartphone Case,25.56,5,,Edmonton
TXN00107,2024-02-14,CUST0072,Laptop Stand,50.86,2,WELCOME20,Winnipeg
TXN00108,2024-11-08,CUST0172,Desk Lamp,38.98,1,SAVE5,Edmonton
TXN00109,2024-09-06,CUST0055,USB-C Hub,52.92,3,,Calgary
TXN00110,2024-12-25,CUST0071,Desk Lamp,40.4,5,,Montreal
TXN00111,2024-07-27,CUST0126,Laptop Stand,47.77,2,SAVE15,Winnipeg
TXN00112,2024-08-17,CUST0005,Smartphone Case,22.05,2,SAVE5,Ottawa-Gatineau
TXN00113,2024-12-05,CUST0149,Webcam,70.11,5,SAVE10,Edmonton
TXN00114,2024-10-08,CUST0085,Portable SSD,115.96,4,,Calgary
TXN00115,2024-04-28,CUST0031,Webcam,75.19,3,,Hamilton
TXN00116,2024-04-08,CUST0056,USB-C Hub,57.1,3,SAVE15,Kitchener-Cambridge-Waterloo
TXN00117,2024-11-01,CUST0073,Fitness Tracker,92.89,2,,Ottawa-Gatineau
TXN00118,2024-04-01,CUST0078,Noise-Cancelling Headphones,144.44,5,,Calgary
TXN00119,2024-01-28,CUST0142,Wireless Mouse,28.74,2,SAVE15,Winnipeg
TXN00120,2024-01-07,CUST0147,Mechanical Keyboard,86.11,4,SAVE5,Edmonton
TXN00120,2024-01-07,CUST0147,Mechanical Keyboard,86.11,4,SAVE5,Edmonton
TXN00122,2024-09-08,CUST0019,Portable SSD,121.34,1,,Vancouver
TXN00123,2024-06-04,CUST0022,Desk Lamp,43.9,1,SAVE10,Quebec City
TXN00124,2024-11-01,CUST0159,Desk Lamp,37.76,5,SAVE5,Winnipeg
TXN00125,2024-06-01,CUST0151,Smartphone Case,26.35,3,SAVE10,Kitchener-Cambridge-Waterloo
TXN00126,2024-11-08,CUST0026,Wireless Mouse,32.67,2,SAVE15,Ottawa-Gatineau
TXN00127,2024-12-04,CUST0021,Webcam,67.06,2,SAVE10,Montreal
TXN00128,2024-01-02,CUST0105,USB-C Hub,53.96,5,SAVE5,Calgary
TXN00129,2024-04-28,CUST0074,Wireless Mouse,31.23,4,,Ottawa-Gatineau
TXN00130,2024-11-16,CUST0151,Webcam,74.32,2,SAVE5,Montreal
TXN00131,2024-04-25,CUST0166,Fitness Tracker,78.8,3,WELCOME20,Vancouver
TXN00132,2024-01-31,CUST0043,Mechanical Keyboard,95.26,5,SAVE15,Kitchener-Cambridge-Waterloo
TXN00133,2024-08-12,CUST0032,Webcam,71.55,3,SAVE15,Quebec City
TXN00134,2024-09-13,CUST0139,Webcam,71.91,1,SAVE10,Toronto
TXN00135,2024-06-14,CUST0155,Portable SSD,113.53,1,,Kitchener-Cambridge-Waterloo
TXN00136,2024-01-11,CUST0173,Desk Lamp,42.52,5,,Vancouver
TXN00137,2024-09-22,CUST0167,Smartphone Case,23.72,3,,Kitchener-Cambridge-Waterloo
TXN00138,2024-11-21,CUST0126,Portable SSD,130.71,4,,Quebec City
TXN00139,2024-06-13,CUST0172,Noise-Cancelling Headphones,147.34,2,,Quebec City
TXN00140,2024-05-27,CUST0170,Smartphone Case,26.14,5,,Winnipeg
TXN00141,2024-06-10,CUST0065,Mechanical Keyboard,86.81,4,WELCOME20,Hamilton
TXN00142,2024-12-02,CUST0139,Wireless Mouse,29.76,1,,Hamilton
TXN00143,2024-11-14,CUST0128,Noise-Cancelling Headphones,164.0,1,,Calgary
TXN00144,2024-03-08,CUST0074,Fitness Tracker,83.7,4,,Toronto
TXN00145,2024-05-02,CUST0041,Desk Lamp,38.44,1,SAVE10,Quebec City
TXN00146,2024-04-25,CUST0030,Mechanical Keyboard,89.3,1,SAVE15,Vancouver
TXN00147,2024-05-29,CUST0131,Smartphone Case,24.99,4,WELCOME20,Winnipeg
TXN00148,2024-05-04,CUST0117,Smartphone Case,24.25,4,,Kitchener-Cambridge-Waterloo
TXN00149,2024-03-10,CUST0018,Fitness Tracker,80.96,4,,Hamilton
TXN00150,2024-01-02,CUST0073,Webcam,75.26,5,SAVE10,Winnipeg
TXN00151,2024-08-16,CUST0138,USB-C Hub,54.33,3,SAVE10,Hamilton
TXN00152,2024-08-21,CUST0083,Portable SSD,128.33,2,SAVE10,Quebec City
TXN00153,2024-07-29,CUST0012,Laptop Stand,45.53,4,SAVE15,Quebec City
TXN00154,2024-12-05,CUST0167,Portable SSD,130.99,4,,Vancouver
TXN00155,2024-10-29,CUST0085,Fitness Tracker,91.02,4,,Hamilton
TXN00156,2024-01-08,CUST0037,Smartphone Case,23.57,2,,Winnipeg
TXN00157,2024-06-22,CUST0160,Webcam,74.77,1,WELCOME20,Edmonton
TXN00158,2024-07-13,CUST0082,Fitness Tracker,86.9,4,WELCOME20,Hamilton
TXN00159,2024-11-12,CUST0018,Wireless Mouse,28.4,3,,Montreal
TXN00160,2024-02-20,CUST0163,Portable SSD,124.37,1,SAVE5,Vancouver
TXN00161,2024-01-15,CUST0012,Webcam,69.47,1,,Edmonton
TXN00162,2024-08-08,CUST0038,Noise-Cancelling Headphones,151.8,4,SAVE10,Vancouver
TXN00163,2024-03-30,CUST0021,USB-C Hub,55.69,4,SAVE10,Ottawa-Gatineau
TXN00164,2024-10-25,CUST0037,Smartphone Case,22.71,3,SAVE5,Calgary
TXN00165,2024-08-26,CUST0074,Wireless Mouse,31.06,2,,Winnipeg
TXN00166,2024-10-27,CUST0077,Noise-Cancelling Headphones,164.44,4,SAVE15,Calgary
TXN00167,2024-06-03,CUST0051,Smartphone Case,26.4,4,,Ottawa-Gatineau
TXN00168,2024-10-19,CUST0092,Portable SSD,121.29,3,,Quebec City
TXN00169,2024-01-05,CUST0145,Webcam,77.26,1,SAVE10,Winnipeg
TXN00170,2024-04-27,CUST0156,Webcam,76.35,2,SAVE15,Ottawa-Gatineau
TXN00171,2024-05-08,CUST0174,Desk Lamp,41.99,2,SAVE15,Montreal
TXN00172,2024-06-07,CUST0113,Wireless Mouse,27.19,3,SAVE15,Vancouver
TXN00173,2024-05-31,CUST0084,Mechanical Keyboard,94.44,2,,Vancouver
TXN00174,2024-07-06,CUST0136,Fitness Tracker,84.78,3,WELCOME20,Vancouver
TXN00175,2024-09-03,CUST0076,Webcam,75.55,3,WELCOME20,Montreal
TXN00176,2024-02-08,CUST0037,Smartphone Case,25.22,2,WELCOME20,Quebec City
TXN00177,2024-07-06,CUST0024,Fitness Tracker,89.68,1,,Hamilton
TXN00178,2024-08-20,CUST0095,Mechanical Keyboard,93.1,3,SAVE10,Quebec City
TXN00179,2024-02-25,CUST0173,Noise-Cancelling Headphones,151.47,1,SAVE10,Hamilton
TXN00180,2024-11-08,CUST0057,Noise-Cancelling Headphones,164.71,4,SAVE15,Calgary
TXN00181,2024-02-29,CUST0036,Portable SSD,108.63,1,,Winnipeg
TXN00182,2024-02-19,CUST0061,Mechanical Keyboard,96.96,2,SAVE5,Winnipeg
TXN00183,2024-12-09,CUST0179,Noise-Cancelling Headphones,174.26,4,SAVE10,Vancouver
TXN00184,2024-12-01,CUST0026,Portable SSD,127.48,5,SAVE5,Calgary
TXN00185,2024-12-19,CUST0095,Wireless Mouse,28.29,4,,Edmonton
TXN00186,2024-12-17,CUST0095,Mechanical Keyboard,90.79,3,,Quebec City
TXN00187,2024-04-07,CUST0032,Webcam,78.47,4,,Ottawa-Gatineau
TXN00188,2024-01-11,CUST0013,Desk Lamp,42.24,2,,Kitchener-Cambridge-Waterloo
TXN00189,2024-02-05,CUST0142,Laptop Stand,44.48,2,WELCOME20,Ottawa-Gatineau
TXN00190,2024-03-16,CUST0153,Noise-Cancelling Headphones,144.08,2,,Hamilton
TXN00191,2024-03-30,CUST0029,Webcam,74.32,1,,Toronto
TXN00192,2024-05-01,CUST0151,Noise-Cancelling Headphones,154.35,2,,Toronto
TXN00193,2024-08-03,CUST0135,USB-C Hub,50.29,1,SAVE5,Winnipeg
TXN00194,2024-09-19,CUST0152,Noise-Cancelling Headphones,147.48,5,,Kitchener-Cambridge-Waterloo
TXN00195,2024-12-03,CUST0134,Wireless Mouse,28.8,1,,Winnipeg
TXN00196,2024-08-06,CUST0176,Portable SSD,110.13,4,,Montreal
TXN00197,2024-11-07,CUST0038,Noise-Cancelling Headphones,146.09,3,SAVE10,Kitchener-Cambridge-Waterloo
TXN00198,2024-12-30,CUST0084,Fitness Tracker,82.73,5,SAVE10,Calgary
TXN00199,2024-09-15,CUST0155,Smartphone Case,23.66,1,WELCOME20,Hamilton
TXN00200,2024-08-08,CUST0116,Laptop Stand,50.92,4,,Winnipeg
TXN00201,2024-07-31,CUST0025,Portable SSD,115.02,3,SAVE15,Calgary
TXN00202,2024-03-19,CUST0176,Noise-Cancelling Headphones,173.52,1,,Montreal
TXN00203,2024-08-09,CUST0025,Mechanical Keyboard,94.39,3,WELCOME20,Vancouver
TXN00204,2024-01-31,CUST0151,Fitness Tracker,92.49,5,,Montreal
TXN00205,2024-06-30,CUST0171,Portable SSD,130.04,4,WELCOME20,Toronto
TXN00206,2024-11-03,CUST0080,Webcam,69.86,5,SAVE10,Ottawa-Gatineau
TXN00207,2024-12-02,CUST0124,USB-C Hub,51.49,1,,Hamilton
TXN00208,2024-02-28,CUST0072,Noise-Cancelling Headphones,162.36,4,WELCOME20,Hamilton
TXN00209,2024-11-10,CUST0173,Desk Lamp,41.09,1,SAVE10,Calgary
TXN00210,2024-04-02,CUST0070,Wireless Mouse,31.21,3,,Edmonton
TXN00211,2024-04-02,CUST0037,Wireless Mouse,30.39,4,,Vancouver
TXN00212,2024-02-16,CUST0136,Wireless Mouse,28.28,4,SAVE5,Edmonton
TXN00213,2024-07-08,CUST0080,USB-C Hub,56.92,5,SAVE10,Montreal
TXN00214,2024-03-20,CUST0041,Wireless Mouse,31.52,1,SAVE15,Montreal
TXN00215,2024-08-14,CUST0170,Webcam,70.91,5,SAVE5,Quebec City
TXN00216,2024-04-20,CUST0132,Webcam,66.44,4,,Calgary
TXN00217,2024-09-06,CUST0135,Desk Lamp,41.29,1,,Quebec City
TXN00218,2024-01-29,CUST0002,Desk Lamp,37.59,2,WELCOME20,Vancouver
TXN00219,2024-05-28,CUST0084,Webcam,66.53,4,SAVE15,Quebec City
TXN00220,2024-03-07,CUST0098,USB-C Hub,54.86,2,SAVE10,Hamilton
TXN00221,2024-02-06,CUST0102,Noise-Cancelling Headphones,171.57,1,SAVE5,Toronto
TXN00222,2024-02-09,CUST0081,Smartphone Case,24.36,5,SAVE5,Quebec City
TXN00223,2024-02-28,CUST0104,Webcam,65.1,3,,Kitchener-Cambridge-Waterloo
TXN00224,2024-12-19,CUST0093,Smartphone Case,22.02,1,,Quebec City
TXN00225,2024-07-24,CUST0135,Desk Lamp,36.58,3,SAVE15,Edmonton
TXN00226,2024-06-19,CUST0044,Laptop Stand,43.25,1,SAVE10,Hamilton
TXN00227,2024-06-27,CUST0090,Laptop Stand,49.4,2,,Montreal
TXN00228,2024-05-11,CUST0051,USB-C Hub,50.94,2,WELCOME20,Montreal
TXN00229,2024-11-17,CUST0127,USB-C Hub,54.11,5,WELCOME20,Kitchener-Cambridge-Waterloo
TXN00230,2024-12-14,CUST0145,Smartphone Case,24.69,5,,Edmonton
TXN00231,2024-08-13,CUST0018,USB-C Hub,54.16,3,WELCOME20,Calgary
TXN00232,2024-01-29,CUST0091,Desk Lamp,40.01,3,SAVE5,Winnipeg
TXN00233,2024-01-30,CUST0095,Wireless Mouse,31.98,1,SAVE15,Montreal
TXN00234,2024-10-31,CUST0130,Desk Lamp,39.03,5,SAVE10,Toronto
TXN00235,2024-10-19,CUST0167,Smartphone Case,22.5,5,SAVE5,Hamilton
TXN00236,2024-02-01,CUST0116,USB-C Hub,50.18,3,SAVE15,Montreal
TXN00237,2024-11-26,CUST0045,Fitness Tracker,76.94,4,SAVE5,Hamilton
TXN00238,2024-11-08,CUST0041,Fitness Tracker,82.44,3,SAVE5,Quebec City
TXN00239,2024-12-13,CUST0154,Noise-Cancelling Headphones,145.67,3,,Edmonton
TXN00240,2024-10-12,CUST0174,Mechanical Keyboard,87.95,3,SAVE15,Kitchener-Cambridge-Waterloo
TXN00241,2024-06-19,CUST0021,USB-C Hub,55.4,2,,Calgary
TXN00242,2024-03-07,CUST0153,Portable SSD,124.49,1,,Hamilton
TXN00243,2024-11-25,CUST0085,Portable SSD,126.99,5,,Quebec City
TXN00244,2024-07-04,CUST0005,Fitness Tracker,82.42,2,,Edmonton
TXN00245,2024-04-08,CUST0058,Smartphone Case,26.4,2,,Calgary
TXN00246,2024-09-16,CUST0139,Mechanical Keyboard,96.02,5,,Edmonton
TXN00247,2024-03-08,CUST0153,Desk Lamp,38.96,2,,Kitchener-Cambridge-Waterloo
TXN00248,2024-08-12,CUST0012,USB-C Hub,53.53,2,SAVE5,Kitchener-Cambridge-Waterloo
TXN00249,2024-08-17,CUST0060,Webcam,72.49,3,WELCOME20,Winnipeg
TXN00250,2024-07-07,CUST0174,Laptop Stand,51.48,4,SAVE5,Calgary
TXN00251,2024-09-14,CUST0136,Portable SSD,117.56,2,WELCOME20,Ottawa-Gatineau
TXN00252,2024-03-11,CUST0065,Desk Lamp,36.37,4,WELCOME20,Edmonton
TXN00253,2024-02-22,CUST0133,Fitness Tracker,90.7,3,,Vancouver
TXN00254,2024-08-18,CUST0132,Webcam,66.92,4,,Ottawa-Gatineau
TXN00255,2024-06-27,CUST0007,Smartphone Case,23.59,4,SAVE10,Edmonton
TXN00256,2024-07-16,CUST0021,Laptop Stand,46.07,1,,Montreal
TXN00257,2024-03-15,CUST0036,Noise-Cancelling Headphones,145.22,4,SAVE15,Vancouver
TXN00258,2024-08-17,CUST0158,Smartphone Case,21.63,1,,Calgary
TXN00259,2024-03-17,CUST0141,Laptop Stand,51.41,5,SAVE10,Quebec City
TXN00260,2024-05-27,CUST0061,Mechanical Keyboard,86.41,1,,Quebec City
TXN00261,2024-08-22,CUST0017,Desk Lamp,36.84,4,SAVE10,Hamilton
TXN00262,2024-11-19,CUST0132,Wireless Mouse,30.44,2,,Quebec City
TXN00263,2024-11-10,CUST0091,Wireless Mouse,28.43,4,,Montreal
TXN00264,2024-07-03,CUST0018,Fitness Tracker,92.44,5,SAVE10,Hamilton
TXN00265,2024-01-11,CUST0100,Fitness Tracker,91.08,1,SAVE15,Quebec City
TXN00266,2024-05-09,CUST0005,Noise-Cancelling Headphones,155.42,1,,Ottawa-Gatineau
TXN00267,2024-10-24,CUST0086,Mechanical Keyboard,83.39,3,SAVE10,Edmonton
TXN00268,2024-12-16,CUST0119,USB-C Hub,59.74,4,SAVE15,Vancouver
TXN00269,2024-02-02,CUST0118,USB-C Hub,49.45,2,,Ottawa-Gatineau
TXN00270,2024-06-10,CUST0080,Wireless Mouse,30.08,5,SAVE5,Calgary
TXN00271,2024-11-27,CUST0049,Wireless Mouse,28.71,1,WELCOME20,Edmonton
TXN00272,2024-03-04,CUST0095,Webcam,71.09,4,SAVE15,Winnipeg
TXN00273,2024-06-22,CUST0048,Portable SSD,119.41,4,,Hamilton
TXN00274,2024-02-12,CUST0109,Webcam,65.94,5,WELCOME20,Vancouver
TXN00275,2024-05-30,CUST0083,Fitness Tracker,78.01,3,SAVE15,Calgary
TXN00276,2024-08-16,CUST0155,Webcam,75.13,2,SAVE15,Winnipeg
TXN00277,2024-08-16,CUST0011,Noise-Cancelling Headphones,167.25,3,SAVE10,Quebec City
TXN00278,2024-11-23,CUST0015,Webcam,65.88,4,,Hamilton
TXN00279,2024-01-16,CUST0037,USB-C Hub,58.3,4,,Vancouver
TXN00280,2024-04-30,CUST0166,Mechanical Keyboard,87.58,4,SAVE10,Toronto
TXN00281,2024-03-19,CUST0174,Desk Lamp,39.55,3,,Winnipeg
TXN00282,2024-10-20,CUST0036,Mechanical Keyboard,90.52,4,,Calgary
TXN00283,2024-02-28,CUST0007,Laptop Stand,49.48,4,SAVE10,Quebec City
TXN00284,2024-03-01,CUST0068,Fitness Tracker,89.41,4,,Kitchener-Cambridge-Waterloo
TXN00285,2024-12-21,CUST0126,Webcam,67.68,2,WELCOME20,Montreal
TXN00286,2024-03-29,CUST0114,Smartphone Case,26.39,3,SAVE15,Edmonton
TXN00287,2024-10-08,CUST0139,Mechanical Keyboard,86.22,3,WELCOME20,Vancouver
TXN00288,2024-07-04,CUST0131,USB-C Hub,51.49,2,WELCOME20,Vancouver
TXN00289,2024-09-09,CUST0007,Laptop Stand,45.94,5,,Winnipeg
TXN00290,2024-03-07,CUST0157,Fitness Tracker,91.26,1,,Quebec City
TXN00291,2024-09-26,CUST0106,Smartphone Case,25.29,5,,Vancouver
TXN00292,2024-11-24,CUST0019,Noise-Cancelling Headphones,158.39,5,,Vancouver
TXN00293,2024-11-23,CUST0151,Fitness Tracker,79.36,2,SAVE5,Hamilton
TXN00294,2024-03-04,CUST0133,Wireless Mouse,27.91,2,,Edmonton
TXN00295,2024-06-26,CUST0133,Laptop Stand,50.98,1,,Ottawa-Gatineau
TXN00296,2024-05-20,CUST0033,Fitness Tracker,86.87,5,SAVE10,Montreal
TXN00297,2024-11-24,CUST0044,Fitness Tracker,86.31,5,,Vancouver
TXN00298,2024-11-05,CUST0087,Desk Lamp,42.69,5,,Toronto
TXN00299,2024-01-24,CUST0165,Mechanical Keyboard,94.87,3,SAVE15,Ottawa-Gatineau
TXN00300,2024-08-01,CUST0159,Desk Lamp,41.06,4,SAVE15,Hamilton
TXN00301,2024-11-24,CUST0078,Webcam,71.75,4,,Winnipeg
TXN00302,2024-12-18,CUST0016,Mechanical Keyboard,83.84,4,SAVE5,Winnipeg
TXN00303,2024-06-23,CUST0156,Laptop Stand,43.88,3,SAVE15,Edmonton
TXN00304,2024-03-07,CUST0095,Portable SSD,119.86,1,,Ottawa-Gatineau
TXN00305,2024-03-03,CUST0069,Smartphone Case,23.76,2,,Toronto
TXN00306,2024-07-15,CUST0158,Webcam,70.82,2,WELCOME20,Edmonton
TXN00307,2024-06-09,CUST0049,Desk Lamp,42.05,4,SAVE10,Winnipeg
TXN00308,2024-06-06,CUST0128,Smartphone Case,21.71,4,SAVE10,Winnipeg
TXN00309,2024-04-20,CUST0150,Laptop Stand,45.86,1,,Winnipeg
TXN00310,2024-11-30,CUST0173,Desk Lamp,39.71,5,,Montreal
TXN00311,2024-03-09,CUST0068,Portable SSD,124.94,4,,Toronto
TXN00312,2024-01-27,CUST0146,Portable SSD,120.98,3,SAVE10,Calgary
TXN00313,2024-07-16,CUST0130,Mechanical Keyboard,89.1,5,,Kitchener-Cambridge-Waterloo
TXN00314,2024-03-01,CUST0033,Desk Lamp,43.75,4,,Edmonton
TXN00315,2024-07-06,CUST0037,Fitness Tracker,79.65,5,SAVE5,Hamilton
TXN00316,2024-01-24,CUST0010,Wireless Mouse,27.81,3,WELCOME20,Winnipeg
TXN00317,2024-08-21,CUST0039,Fitness Tracker,86.55,5,,Edmonton
TXN00318,2024-06-12,CUST0042,Desk Lamp,39.09,5,SAVE15,Calgary
TXN00319,2024-06-21,CUST0130,Desk Lamp,42.57,5,SAVE5,Kitchener-Cambridge-Waterloo
TXN00320,2024-08-31,CUST0005,Webcam,70.1,1,SAVE5,Kitchener-Cambridge-Waterloo
TXN00321,2024-12-18,CUST0162,Webcam,65.18,4,,Kitchener-Cambridge-Waterloo
TXN00322,2024-04-26,CUST0014,Desk Lamp,40.62,2,SAVE10,Kitchener-Cambridge-Waterloo
TXN00323,2024-03-16,CUST0175,Portable SSD,113.34,5,SAVE15,Montreal
TXN00324,2024-01-10,CUST0113,Laptop Stand,45.49,2,SAVE5,Ottawa-Gatineau
TXN00325,2024-09-13,CUST0157,Portable SSD,129.55,1,SAVE15,Vancouver
TXN00326,2024-04-16,CUST0144,Fitness Tracker,81.78,4,SAVE10,Quebec City
TXN00327,2024-03-29,CUST0118,Noise-Cancelling Headphones,173.18,3,SAVE10,Edmonton
TXN00328,2024-11-08,CUST0124,Webcam,67.57,2,,Hamilton
TXN00329,2024-04-25,CUST0077,Webcam,75.9,2,SAVE15,Winnipeg
TXN00330,2024-09-02,CUST0090,Noise-Cancelling Headphones,161.93,3,,Montreal
TXN00331,2024-12-12,CUST0140,Desk Lamp,38.99,4,WELCOME20,Edmonton
TXN00332,2024-05-28,CUST0011,USB-C Hub,52.19,1,,Winnipeg
TXN00333,2024-09-02,CUST0055,Webcam,67.71,5,,Hamilton
TXN00334,2024-03-11,CUST0028,Webcam,73.67,5,,Ottawa-Gatineau
TXN00335,2024-12-08,CUST0136,Wireless Mouse,28.34,2,,Montreal
TXN00336,2024-06-18,CUST0121,Portable SSD,109.95,2,,Hamilton
TXN00337,2024-07-27,CUST0168,USB-C Hub,59.24,4,SAVE5,Ottawa-Gatineau
TXN00338,2024-06-13,CUST0074,Webcam,74.1,1,SAVE15,Kitchener-Cambridge-Waterloo
TXN00339,2024-09-30,CUST0010,Laptop Stand,51.16,2,SAVE5,Vancouver
TXN00340,2024-07-22,CUST0127,Wireless Mouse,28.11,3,,Toronto
TXN00341,2024-10-17,CUST0155,Webcam,66.35,3,,Winnipeg
TXN00342,2024-09-25,CUST0127,Fitness Tracker,91.35,2,WELCOME20,Hamilton
TXN00343,2024-05-19,CUST0050,Smartphone Case,25.48,3,,Winnipeg
TXN00344,2024-04-05,CUST0004,Webcam,75.41,3,SAVE10,Ottawa-Gatineau
TXN00345,2024-11-08,CUST0164,USB-C Hub,58.83,4,SAVE10,Edmonton
TXN00346,2024-07-24,CUST0172,Mechanical Keyboard,82.71,2,SAVE5,Edmonton
TXN00347,2024-01-04,CUST0067,Laptop Stand,46.15,4,WELCOME20,Calgary
TXN00348,2024-06-03,CUST0150,Noise-Cancelling Headphones,167.12,1,,Edmonton
TXN00349,2024-02-01,CUST0171,Laptop Stand,43.64,3,,Quebec City
TXN00350,2024-12-26,CUST0080,Fitness Tracker,87.98,3,,Kitchener-Cambridge-Waterloo
TXN00351,2024-04-22,CUST0035,Laptop Stand,47.04,4,SAVE15,Kitchener-Cambridge-Waterloo
TXN00352,2024-07-31,CUST0180,Noise-Cancelling Headphones,161.57,4,WELCOME20,Hamilton
TXN00353,2024-05-06,CUST0175,Laptop Stand,49.66,1,SAVE10,Winnipeg
TXN00354,2024-12-26,CUST0093,Fitness Tracker,77.6,5,,Toronto
TXN00355,2024-09-15,CUST0052,Fitness Tracker,85.98,2,,Edmonton
TXN00356,2024-08-14,CUST0030,Fitness Tracker,87.81,5,SAVE5,Montreal
TXN00357,2024-08-16,CUST0015,Fitness Tracker,83.96,5,SAVE5,Winnipeg
TXN00358,2024-01-30,CUST0144,Desk Lamp,39.65,3,SAVE15,Toronto
TXN00359,2024-05-10,CUST0001,Portable SSD,125.37,5,,Toronto
TXN00360,2024-06-25,CUST0180,Portable SSD,109.07,1,,Winnipeg
TXN00361,2024-05-26,CUST0105,Wireless Mouse,28.07,2,WELCOME20,Quebec City
TXN00362,2024-07-14,CUST0115,Noise-Cancelling Headphones,171.82,4,SAVE5,Montreal
TXN00363,2024-03-09,CUST0168,Fitness Tracker,90.86,1,,Hamilton
TXN00364,2024-09-27,CUST0033,Portable SSD,124.95,2,WELCOME20,Toronto
TXN00365,2024-06-01,CUST0119,Wireless Mouse,31.03,5,SAVE5,Hamilton
TXN00366,2024-04-27,CUST0064,Portable SSD,118.56,2,,Ottawa-Gatineau
TXN00367,2024-01-17,CUST0170,Mechanical Keyboard,88.54,1,,Ottawa-Gatineau
TXN00368,2024-02-21,CUST0153,Mechanical Keyboard,81.6,5,SAVE15,Toronto
TXN00369,2024-01-23,CUST0103,Laptop Stand,46.67,5,,Toronto
TXN00370,2024-09-14,CUST0075,USB-C Hub,51.6,5,,Kitchener-Cambridge-Waterloo
TXN00371,2024-12-10,CUST0083,Desk Lamp,37.85,2,SAVE15,Hamilton
TXN00372,2024-07-30,CUST0077,Laptop Stand,45.13,5,SAVE10,Vancouver
TXN00373,2024-10-11,CUST0127,Portable SSD,108.67,3,SAVE15,Quebec City
TXN00374,2024-06-12,CUST0179,Fitness Tracker,83.33,2,,Quebec City
TXN00375,2024-10-02,CUST0122,USB-C Hub,51.68,2,,Vancouver
TXN00376,2024-01-30,CUST0144,Smartphone Case,23.58,4,SAVE10,Hamilton
TXN00377,2024-07-17,CUST0063,USB-C Hub,51.83,3,SAVE15,Montreal
TXN00378,2024-07-08,CUST0024,Smartphone Case,24.17,2,,Calgary
TXN00379,2024-12-10,CUST0155,Portable SSD,121.96,1,,Kitchener-Cambridge-Waterloo
TXN00380,2024-04-21,CUST0123,Fitness Tracker,79.82,3,,Toronto
TXN00381,2024-04-07,CUST0031,Laptop Stand,49.58,4,,Kitchener-Cambridge-Waterloo
TXN00382,2024-07-22,CUST0062,Laptop Stand,47.74,3,SAVE5,Winnipeg
TXN00383,2024-11-28,CUST0092,Fitness Tracker,81.5,3,SAVE10,Winnipeg
TXN00384,2024-02-20,CUST0121,Smartphone Case,25.26,3,,Edmonton
TXN00385,2024-07-30,CUST0012,Noise-Cancelling Headphones,161.99,2,SAVE15,Vancouver
TXN00386,2024-05-13,CUST0142,Wireless Mouse,32.6,5,SAVE15,Quebec City
TXN00387,2024-03-19,CUST0051,Webcam,69.55,4,SAVE10,Ottawa-Gatineau
TXN00388,2024-10-08,CUST0168,Smartphone Case,26.13,3,,Winnipeg
TXN00389,2024-08-23,CUST0044,Smartphone Case,25.12,3,,Vancouver
TXN00390,2024-09-07,CUST0048,Fitness Tracker,91.82,5,SAVE15,Toronto
TXN00391,2024-01-18,CUST0020,Fitness Tracker,92.3,1,WELCOME20,Toronto
TXN00392,2024-03-11,CUST0162,Portable SSD,113.08,2,,Ottawa-Gatineau
TXN00393,2024-08-21,CUST0096,Fitness Tracker,77.3,5,SAVE5,Winnipeg
TXN00394,2024-01-04,CUST0137,Wireless Mouse,30.3,1,,Hamilton
TXN00395,2024-10-01,CUST0074,Webcam,65.05,4,WELCOME20,Vancouver
TXN00396,2024-02-19,CUST0135,Mechanical Keyboard,83.67,2,SAVE10,Hamilton
TXN00397,2024-06-30,CUST0069,Webcam,76.25,1,,Quebec City
TXN00398,2024-10-16,CUST0063,Smartphone Case,26.35,2,,Montreal
TXN00399,2024-02-17,CUST0104,Wireless Mouse,29.27,5,SAVE5,Toronto
TXN00400,2024-12-25,CUST0044,Wireless Mouse,27.49,4,SAVE15,Edmonton
TXN00401,2024-02-18,CUST0136,Desk Lamp,43.3,2,,Kitchener-Cambridge-Waterloo
TXN00402,2024-05-18,CUST0012,Smartphone Case,26.04,3,SAVE10,Kitchener-Cambridge-Waterloo
TXN00403,2024-04-01,CUST0081,Wireless Mouse,27.08,2,SAVE10,Vancouver
TXN00404,2024-02-09,CUST0077,Portable SSD,111.43,2,SAVE10,Quebec City
TXN00405,2024-06-18,CUST0099,Fitness Tracker,89.08,2,WELCOME20,Montreal
TXN00406,2024-06-26,CUST0014,Fitness Tracker,77.93,2,WELCOME20,Montreal
TXN00407,2024-11-05,CUST0158,Noise-Cancelling Headphones,174.54,4,WELCOME20,Edmonton
TXN00408,2024-11-20,CUST0070,Wireless Mouse,31.69,4,SAVE5,Ottawa-Gatineau
TXN00409,2024-10-10,CUST0097,Noise-Cancelling Headphones,157.81,5,SAVE15,Quebec City
TXN00410,2024-11-12,CUST0076,Mechanical Keyboard,95.35,1,,Calgary
TXN00411,2024-07-13,CUST0163,USB-C Hub,50.73,4,,Edmonton
TXN00412,2024-02-16,CUST0002,Mechanical Keyboard,97.96,4,,Calgary
TXN00413,2024-03-08,CUST0023,Mechanical Keyboard,84.36,4,SAVE10,Hamilton
TXN00414,2024-07-27,CUST0027,Fitness Tracker,76.72,3,SAVE10,Montreal
TXN00415,2024-11-02,CUST0084,Desk Lamp,42.86,1,,Quebec City
TXN00416,2024-02-13,CUST0144,Portable SSD,129.18,2,SAVE10,Hamilton
TXN00417,2024-12-16,CUST0098,USB-C Hub,50.9,3,,Calgary
TXN00418,2024-03-15,CUST0017,Smartphone Case,22.4,3,SAVE5,Calgary
TXN00419,2024-02-09,CUST0093,Smartphone Case,22.81,2,SAVE15,Winnipeg
TXN00420,2024-11-11,CUST0051,Desk Lamp,39.61,2,,Toronto
TXN00421,2024-06-19,CUST0159,Portable SSD,116.63,3,SAVE5,Edmonton
TXN00422,2024-11-29,CUST0153,Portable SSD,110.8,3,SAVE10,Ottawa-Gatineau
TXN00423,2024-06-09,CUST0046,Smartphone Case,26.23,3,,Winnipeg
TXN00424,2024-05-04,CUST0084,Desk Lamp,38.96,4,,Montreal
TXN00425,2024-04-12,CUST0152,Desk Lamp,43.92,2,SAVE15,Hamilton
TXN00426,2024-08-24,CUST0054,Wireless Mouse,29.62,3,WELCOME20,Montreal
TXN00427,2024-12-10,CUST0128,Portable SSD,110.88,3,,Calgary
TXN00428,2024-08-04,CUST0097,USB-C Hub,49.86,5,SAVE5,Kitchener-Cambridge-Waterloo
TXN00429,2024-09-30,CUST0130,Portable SSD,129.62,4,SAVE10,Toronto
TXN00430,2024-12-25,CUST0138,Noise-Cancelling Headphones,162.99,1,,Ottawa-Gatineau
TXN00431,2024-03-26,CUST0166,Noise-Cancelling Headphones,163.6,5,SAVE15,Quebec City
TXN00432,2024-08-08,CUST0028,Noise-Cancelling Headphones,144.33,3,,Hamilton
TXN00433,2024-10-12,CUST0149,Fitness Tracker,87.93,2,SAVE5,Edmonton
TXN00434,2024-08-25,CUST0174,Portable SSD,121.62,5,,Edmonton
TXN00435,2024-09-04,CUST0027,Wireless Mouse,28.76,1,,Vancouver
TXN00436,2024-06-08,CUST0088,Noise-Cancelling Headphones,158.56,2,SAVE10,Winnipeg
TXN00437,2024-08-31,CUST0025,Noise-Cancelling Headphones,158.01,4,,Montreal
TXN00438,2024-01-23,CUST0030,Webcam,65.13,3,SAVE15,Montreal
TXN00439,2024-05-04,CUST0133,USB-C Hub,50.95,2,,Hamilton
TXN00440,2024-08-24,CUST0060,Portable SSD,126.62,2,,Quebec City
TXN00441,2024-01-15,CUST0158,Portable SSD,128.66,4,SAVE10,Quebec City
TXN00442,2024-01-03,CUST0055,Portable SSD,112.47,1,SAVE10,Montreal
TXN00443,2024-04-05,CUST0094,Fitness Tracker,81.8,4,,Calgary
TXN00444,2024-09-27,CUST0164,Smartphone Case,23.1,4,SAVE10,Quebec City
TXN00445,2024-02-28,CUST0090,Desk Lamp,38.77,4,SAVE10,Vancouver
TXN00446,2024-11-10,CUST0152,Webcam,66.02,2,,Montreal
TXN00447,2024-06-05,CUST0030,Laptop Stand,44.25,2,SAVE10,Quebec City
TXN00448,2024-11-01,CUST0036,Portable SSD,121.29,4,,Winnipeg
TXN00449,2024-12-21,CUST0166,Fitness Tracker,92.05,2,SAVE10,Vancouver
TXN00450,2024-05-27,CUST0036,Smartphone Case,22.5,4,SAVE10,Toronto
TXN00451,2024-01-05,CUST0125,Noise-Cancelling Headphones,148.36,4,SAVE10,Hamilton
TXN00452,2024-07-28,CUST0176,Smartphone Case,23.96,4,SAVE5,Vancouver
TXN00453,2024-10-16,CUST0008,Mechanical Keyboard,95.32,2,,Toronto
TXN00454,2024-04-25,CUST0138,Webcam,68.96,4,SAVE10,Winnipeg
TXN00455,2024-09-18,CUST0029,Fitness Tracker,85.98,3,WELCOME20,Hamilton
TXN00456,2024-10-04,CUST0011,Noise-Cancelling Headphones,168.31,4,SAVE10,Ottawa-Gatineau
TXN00457,2024-02-22,CUST0168,Portable SSD,125.51,3,WELCOME20,Toronto
TXN00458,2024-05-14,CUST0090,Smartphone Case,25.74,1,SAVE5,Montreal
TXN00459,2024-04-17,CUST0151,Laptop Stand,49.04,5,SAVE15,Quebec City
TXN00460,2024-11-11,CUST0036,USB-C Hub,57.6,2,WELCOME20,Toronto
TXN00461,2024-06-28,CUST0137,Desk Lamp,38.2,5,,Edmonton
TXN00462,2024-05-28,CUST0147,Webcam,68.65,5,SAVE15,Montreal
TXN00463,2024-07-29,CUST0016,USB-C Hub,59.87,2,SAVE15,Vancouver
TXN00464,2024-03-15,CUST0083,Laptop Stand,50.35,4,SAVE5,Vancouver
TXN00465,2024-11-19,CUST0069,Desk Lamp,40.97,4,SAVE5,Montreal
TXN00466,2024-07-25,CUST0132,Mechanical Keyboard,94.49,3,SAVE5,Winnipeg
TXN00467,2024-10-24,CUST0001,Noise-Cancelling Headphones,171.79,1,SAVE15,Winnipeg
TXN00468,2024-02-02,CUST0137,Noise-Cancelling Headphones,156.72,4,WELCOME20,Ottawa-Gatineau
TXN00469,2024-05-17,CUST0083,Smartphone Case,25.58,3,SAVE10,Kitchener-Cambridge-Waterloo
TXN00470,2024-10-16,CUST0125,USB-C Hub,57.64,1,,Montreal
TXN00471,2024-01-09,CUST0032,Smartphone Case,26.06,2,SAVE5,Winnipeg
TXN00472,2024-08-07,CUST0052,Wireless Mouse,32.96,2,SAVE15,Calgary
TXN00473,2024-05-20,CUST0024,USB-C Hub,56.19,3,,Edmonton
TXN00474,2024-01-27,CUST0102,USB-C Hub,55.87,2,SAVE5,Montreal
TXN00475,2024-01-01,CUST0055,Mechanical Keyboard,89.57,2,SAVE10,Ottawa-Gatineau
TXN00476,2024-12-14,CUST0114,Fitness Tracker,76.43,3,WELCOME20,Montreal
TXN00477,2024-12-21,CUST0034,Portable SSD,118.97,2,SAVE5,Montreal
TXN00478,2024-02-22,CUST0081,Mechanical Keyboard,87.61,3,,Quebec City
TXN00479,2024-11-24,CUST0174,USB-C Hub,50.61,5,SAVE10,Toronto
TXN00480,2024-11-28,CUST0043,Desk Lamp,39.47,2,SAVE15,Vancouver
TXN00481,2024-11-11,CUST0176,Portable SSD,118.12,2,,Montreal
TXN00482,2024-03-04,CUST0151,USB-C Hub,57.01,3,SAVE5,Edmonton
TXN00483,2024-05-06,CUST0071,USB-C Hub,56.08,2,SAVE10,Kitchener-Cambridge-Waterloo
TXN00484,2024-11-07,CUST0073,Desk Lamp,42.18,1,WELCOME20,Calgary
TXN00485,2024-09-22,CUST0156,Laptop Stand,47.34,4,,Toronto
TXN00486,2024-09-10,CUST0099,Laptop Stand,43.59,4,SAVE15,Kitchener-Cambridge-Waterloo
TXN00487,2024-09-27,CUST0004,Mechanical Keyboard,98.75,3,,Quebec City
TXN00488,2024-08-03,CUST0094,Desk Lamp,40.32,2,WELCOME20,Winnipeg
TXN00489,2024-01-09,CUST0151,Mechanical Keyboard,82.21,3,,Toronto
TXN00490,2024-07-22,CUST0130,Wireless Mouse,28.71,5,WELCOME20,Quebec City
TXN00491,2024-12-25,CUST0103,Portable SSD,109.52,5,SAVE10,Kitchener-Cambridge-Waterloo
TXN00492,2024-05-22,CUST0022,USB-C Hub,52.43,5,,Vancouver
TXN00493,2024-06-16,CUST0101,Fitness Tracker,86.22,1,,Quebec City
TXN00494,2024-01-30,CUST0063,Laptop Stand,43.34,4,,Winnipeg
TXN00495,2024-11-07,CUST0015,Desk Lamp,38.43,2,,Toronto
TXN00496,2024-12-25,CUST0003,USB-C Hub,50.84,3,SAVE10,Hamilton
TXN00497,2024-03-26,CUST0096,Webcam,66.63,3,SAVE15,Montreal
TXN00498,2024-06-20,CUST0110,Wireless Mouse,28.62,1,,Kitchener-Cambridge-Waterloo
TXN00499,2024-09-11,CUST0117,Mechanical Keyboard,90.18,1,SAVE5,Kitchener-Cambridge-Waterloo
TXN00500,2024-07-07,CUST0041,USB-C Hub,51.83,1,SAVE10,Montreal
