transaction_id,date,customer_id,product,price,quantity,coupon_code,shipping_city,discount_pct,province,cma_population_2021,days_since_purchase,revenue
TXN00001,2024-01-13,CUST0071,Mechanical Keyboard,85.4,2,SAVE15,Montreal,15,Quebec,4291732,352,145.18
TXN00002,2024-02-14,CUST0152,Fitness Tracker,83.43,1,,Ottawa-Gatineau,0,Ontario/Quebec,1488307,320,83.43
TXN00003,2024-09-15,CUST0155,Laptop Stand,42.78,2,SAVE15,Hamilton,15,Ontario,785184,106,72.73
TXN00004,2024-04-22,CUST0115,Portable SSD,121.63,1,WELCOME20,Vancouver,20,British Columbia,2642825,252,97.3
TXN00005,2024-06-23,CUST0072,Portable SSD,111.27,3,,Montreal,0,Quebec,4291732,190,333.81
TXN00006,2024-02-19,CUST0092,Portable SSD,127.81,5,,Toronto,0,Ontario,6202225,315,639.05
TXN00007,2024-10-01,CUST0032,Smartphone Case,26.27,4,,Hamilton,0,Ontario,785184,90,105.08
TXN00009,2024-01-24,CUST0170,Mechanical Keyboard,85.09,3,,Ottawa-Gatineau,0,Ontario/Quebec,1488307,341,255.27
TXN00010,2024-07-13,CUST0072,Mechanical Keyboard,89.15,3,,Edmonton,0,Alberta,1418118,170,267.45
TXN00011,2024-04-17,CUST0172,Noise-Cancelling Headphones,152.53,1,SAVE10,Vancouver,10,British Columbia,2642825,257,137.28
TXN00012,2024-05-05,CUST0042,Fitness Tracker,84.11,3,SAVE15,Hamilton,15,Ontario,785184,239,214.48
TXN00013,2024-12-16,CUST0084,Laptop Stand,50.49,1,,Toronto,0,Ontario,6202225,14,50.49
TXN00014,2024-07-24,CUST0069,Noise-Cancelling Headphones,146.11,5,SAVE15,Edmonton,15,Alberta,1418118,159,620.97
TXN00015,2024-12-01,CUST0128,Laptop Stand,46.26,4,,Calgary,0,Alberta,1481806,29,185.04
TXN00016,2024-05-06,CUST0144,USB-C Hub,54.92,5,SAVE5,Kitchener-Cambridge-Waterloo,5,Ontario,575847,238,260.87
TXN00017,2024-07-04,CUST0057,Portable SSD,131.39,2,SAVE10,Winnipeg,10,Manitoba,834678,179,236.5
TXN00018,2024-01-25,CUST0029,Mechanical Keyboard,83.74,2,WELCOME20,Quebec City,20,Quebec,839311,340,133.98
TXN00020,2024-01-06,CUST0175,Fitness Tracker,88.49,5,WELCOME20,Calgary,20,Alberta,1481806,359,353.96
TXN00021,2024-02-27,CUST0076,Noise-Cancelling Headphones,157.9,4,,Calgary,0,Alberta,1481806,307,631.6
TXN00022,2024-04-01,CUST0130,Fitness Tracker,91.74,3,WELCOME20,Hamilton,20,Ontario,785184,273,220.18
TXN00023,2024-04-11,CUST0040,Desk Lamp,38.94,2,SAVE10,Hamilton,10,Ontario,785184,263,70.09
TXN00024,2024-11-02,CUST0083,Wireless Mouse,29.92,1,,Calgary,0,Alberta,1481806,58,29.92
TXN00025,2024-01-30,CUST0062,Laptop Stand,50.82,1,,Winnipeg,0,Manitoba,834678,335,50.82
TXN00026,2024-09-29,CUST0033,Mechanical Keyboard,83.3,4,SAVE10,Vancouver,10,British Columbia,2642825,92,299.88
TXN00027,2024-09-27,CUST0156,Webcam,70.89,2,SAVE10,Ottawa-Gatineau,10,Ontario/Quebec,1488307,94,127.6
TXN00028,2024-07-23,CUST0172,Webcam,74.16,4,SAVE10,Winnipeg,10,Manitoba,834678,160,266.98
TXN00029,2024-05-06,CUST0058,Mechanical Keyboard,82.14,1,SAVE10,Hamilton,10,Ontario,785184,238,73.93
TXN00030,2024-10-28,CUST0057,Laptop Stand,42.59,1,,Montreal,0,Quebec,4291732,63,42.59
TXN00031,2024-06-18,CUST0019,Wireless Mouse,30.07,3,SAVE15,Winnipeg,15,Manitoba,834678,195,76.68
TXN00033,2024-08-30,CUST0105,Laptop Stand,44.32,1,SAVE15,Quebec City,15,Quebec,839311,122,37.67
TXN00034,2024-08-04,CUST0106,Noise-Cancelling Headphones,158.93,1,SAVE15,Montreal,15,Quebec,4291732,148,135.09
TXN00035,2024-07-25,CUST0087,Wireless Mouse,31.79,1,,Ottawa-Gatineau,0,Ontario/Quebec,1488307,158,31.79
TXN00036,2024-10-01,CUST0115,Laptop Stand,43.85,2,,Winnipeg,0,Manitoba,834678,90,87.7
TXN00037,2024-02-08,CUST0114,Laptop Stand,50.16,5,,Toronto,0,Ontario,6202225,326,250.8
TXN00038,2024-01-08,CUST0024,Fitness Tracker,91.98,2,,Quebec City,0,Quebec,839311,357,183.96
TXN00039,2024-09-03,CUST0055,Smartphone Case,25.75,1,,Quebec City,0,Quebec,839311,118,25.75
TXN00040,2024-07-18,CUST0068,Wireless Mouse,32.55,4,,Quebec City,0,Quebec,839311,165,130.2
TXN00041,2024-12-04,CUST0125,Fitness Tracker,78.9,3,,Toronto,0,Ontario,6202225,26,236.7
TXN00042,2024-10-04,CUST0016,Desk Lamp,41.93,1,,Kitchener-Cambridge-Waterloo,0,Ontario,575847,87,41.93
TXN00043,2024-09-14,CUST0136,Smartphone Case,22.36,5,,Vancouver,0,British Columbia,2642825,107,111.8
TXN00044,2024-10-31,CUST0018,Mechanical Keyboard,93.14,2,SAVE5,Montreal,5,Quebec,4291732,60,176.97
TXN00046,2024-10-16,CUST0134,Desk Lamp,38.48,3,,Edmonton,0,Alberta,1418118,75,115.44
TXN00047,2024-05-15,CUST0102,Laptop Stand,43.76,3,SAVE5,Edmonton,5,Alberta,1418118,229,124.72
TXN00048,2024-01-05,CUST0118,Mechanical Keyboard,92.17,5,,Montreal,0,Quebec,4291732,360,460.85
TXN00049,2024-04-19,CUST0130,Fitness Tracker,80.77,3,,Ottawa-Gatineau,0,Ontario/Quebec,1488307,255,242.31
TXN00050,2024-05-25,CUST0041,Noise-Cancelling Headphones,158.01,5,SAVE15,Calgary,15,Alberta,1481806,219,671.54
TXN00051,2024-11-30,CUST0136,Desk Lamp,36.02,5,,Montreal,0,Quebec,4291732,30,180.1
TXN00052,2024-05-15,CUST0030,USB-C Hub,58.75,5,,Calgary,0,Alberta,1481806,229,293.75
TXN00053,2024-11-05,CUST0054,Webcam,75.13,2,SAVE15,Calgary,15,Alberta,1481806,55,127.72
TXN00054,2024-09-07,CUST0065,Fitness Tracker,91.62,1,,Quebec City,0,Quebec,839311,114,91.62
TXN00055,2024-01-23,CUST0001,Webcam,69.6,2,SAVE15,Calgary,15,Alberta,1481806,342,118.32
TXN00056,2024-08-14,CUST0142,USB-C Hub,56.74,5,,Montreal,0,Quebec,4291732,138,283.7
TXN00057,2024-12-19,CUST0039,Mechanical Keyboard,90.81,3,SAVE10,Hamilton,10,Ontario,785184,11,245.19
TXN00058,2024-08-08,CUST0033,USB-C Hub,49.51,3,WELCOME20,Toronto,20,Ontario,6202225,144,118.82
TXN00059,2024-04-17,CUST0175,Noise-Cancelling Headphones,151.98,1,,Hamilton,0,Ontario,785184,257,151.98
TXN00060,2024-11-13,CUST0040,Portable SSD,129.68,2,WELCOME20,Vancouver,20,British Columbia,2642825,47,207.49
TXN00061,2024-07-30,CUST0007,USB-C Hub,51.01,3,WELCOME20,Quebec City,20,Quebec,839311,153,122.42
TXN00062,2024-05-16,CUST0041,Laptop Stand,49.97,1,SAVE5,Toronto,5,Ontario,6202225,228,47.47
TXN00063,2024-04-23,CUST0052,Smartphone Case,25.52,4,,Calgary,0,Alberta,1481806,251,102.08
TXN00064,2024-04-24,CUST0007,Laptop Stand,48.76,4,,Calgary,0,Alberta,1481806,250,195.04
TXN00065,2024-05-22,CUST0090,Mechanical Keyboard,92.54,4,SAVE15,Hamilton,15,Ontario,785184,222,314.64
TXN00066,2024-01-15,CUST0030,Noise-Cancelling Headphones,172.05,3,,Kitchener-Cambridge-Waterloo,0,Ontario,575847,350,516.15
TXN00067,2024-01-20,CUST0028,Webcam,73.39,3,SAVE15,Edmonton,15,Alberta,1418118,345,187.14
TXN00068,2024-11-06,CUST0131,Portable SSD,110.31,5,,Calgary,0,Alberta,1481806,54,551.55
TXN00069,2024-12-28,CUST0112,Wireless Mouse,27.0,5,SAVE15,Ottawa-Gatineau,15,Ontario/Quebec,1488307,2,114.75
TXN00070,2024-08-08,CUST0018,Noise-Cancelling Headphones,174.35,3,SAVE10,Edmonton,10,Alberta,1418118,144,470.74
TXN00071,2024-06-02,CUST0130,Mechanical Keyboard,86.56,4,,Quebec City,0,Quebec,839311,211,346.24
TXN00072,2024-10-10,CUST0033,Webcam,67.56,4,SAVE15,Vancouver,15,British Columbia,2642825,81,229.7
TXN00073,2024-10-18,CUST0078,Desk Lamp,39.2,1,,Calgary,0,Alberta,1481806,73,39.2
TXN00074,2024-08-08,CUST0149,Laptop Stand,48.26,3,SAVE5,Toronto,5,Ontario,6202225,144,137.54
TXN00075,2024-12-11,CUST0055,Smartphone Case,24.05,2,SAVE15,Montreal,15,Quebec,4291732,19,40.88
TXN00076,2024-09-20,CUST0170,Webcam,73.91,3,,Ottawa-Gatineau,0,Ontario/Quebec,1488307,101,221.73
TXN00077,2024-04-25,CUST0051,Webcam,66.92,1,,Winnipeg,0,Manitoba,834678,249,66.92
TXN00078,2024-02-07,CUST0117,Desk Lamp,39.27,5,,Quebec City,0,Quebec,839311,327,196.35
TXN00079,2024-07-23,CUST0063,Smartphone Case,22.31,1,WELCOME20,Montreal,20,Quebec,4291732,160,17.85
TXN00080,2024-04-22,CUST0046,Portable SSD,126.77,5,SAVE5,Toronto,5,Ontario,6202225,252,602.16
TXN00081,2024-05-07,CUST0032,Fitness Tracker,84.01,4,SAVE15,Hamilton,15,Ontario,785184,237,285.63
TXN00082,2024-10-31,CUST0082,Fitness Tracker,92.38,4,SAVE10,Hamilton,10,Ontario,785184,60,332.57
TXN00083,2024-10-07,CUST0115,Portable SSD,128.99,4,SAVE5,Calgary,5,Alberta,1481806,84,490.16
TXN00084,2024-11-22,CUST0071,Laptop Stand,49.76,5,SAVE5,Ottawa-Gatineau,5,Ontario/Quebec,1488307,38,236.36
TXN00085,2024-08-13,CUST0020,Webcam,75.08,2,,Edmonton,0,Alberta,1418118,139,150.16
TXN00086,2024-10-03,CUST0021,Noise-Cancelling Headphones,148.42,2,SAVE5,Vancouver,5,British Columbia,2642825,88,282.0
TXN00087,2024-02-02,CUST0107,Laptop Stand,46.38,5,SAVE5,Quebec City,5,Quebec,839311,332,220.3
TXN00088,2024-04-15,CUST0108,Wireless Mouse,29.33,5,SAVE15,Toronto,15,Ontario,6202225,259,124.65
TXN00089,2024-07-13,CUST0123,Desk Lamp,36.0,3,,Quebec City,0,Quebec,839311,170,108.0
TXN00090,2024-10-02,CUST0140,Portable SSD,126.67,2,SAVE5,Ottawa-Gatineau,5,Ontario/Quebec,1488307,89,240.67
TXN00091,2024-08-11,CUST0125,Webcam,65.22,3,SAVE15,Quebec City,15,Quebec,839311,141,166.31
TXN00092,2024-08-27,CUST0033,Webcam,59.74,5,,Quebec City,0,Quebec,839311,125,298.7
TXN00093,2024-10-15,CUST0170,Desk Lamp,36.17,4,,Winnipeg,0,Manitoba,834678,76,144.68
TXN00094,2024-01-26,CUST0067,USB-C Hub,53.18,2,SAVE5,Edmonton,5,Alberta,1418118,339,101.04
TXN00095,2024-07-13,CUST0072,Noise-Cancelling Headphones,168.05,4,,Montreal,0,Quebec,4291732,170,672.2
TXN00096,2024-01-10,CUST0139,Smartphone Case,21.85,3,,Montreal,0,Quebec,4291732,355,65.55
TXN00097,2024-01-16,CUST0064,Wireless Mouse,28.19,1,SAVE10,Vancouver,10,British Columbia,2642825,349,25.37
TXN00098,2024-03-05,CUST0122,Laptop Stand,48.85,5,,Winnipeg,0,Manitoba,834678,300,244.25
TXN00099,2024-07-07,CUST0043,Webcam,73.52,1,WELCOME20,Vancouver,20,British Columbia,2642825,176,58.82
TXN00100,2024-02-25,CUST0149,Webcam,65.17,3,SAVE10,Quebec City,10,Quebec,839311,309,175.96
TXN00101,2024-04-11,CUST0020,Portable SSD,121.7,2,,Calgary,0,Alberta,1481806,263,243.4
TXN00102,2024-03-02,CUST0145,Desk Lamp,42.21,3,SAVE10,Quebec City,10,Quebec,839311,303,113.97
TXN00103,2024-02-05,CUST0130,Noise-Cancelling Headphones,164.71,1,WELCOME20,Quebec City,20,Quebec,839311,329,131.77
TXN00104,2024-02-24,CUST0111,Smartphone Case,26.21,4,SAVE15,Vancouver,15,British Columbia,2642825,310,89.11
TXN00105,2024-03-31,CUST0134,Portable SSD,130.62,3,SAVE10,Hamilton,10,Ontario,785184,274,352.67
TXN00106,2024-08-26,CUST0112,Smartphone Case,25.56,5,,Edmonton,0,Alberta,1418118,126,127.8
TXN00107,2024-02-14,CUST0072,Laptop Stand,50.86,2,WELCOME20,Winnipeg,20,Manitoba,834678,320,81.38
TXN00108,2024-11-08,CUST0172,Desk Lamp,38.98,1,SAVE5,Edmonton,5,Alberta,1418118,52,37.03
TXN00109,2024-09-06,CUST0055,USB-C Hub,52.92,3,,Calgary,0,Alberta,1481806,115,158.76
TXN00110,2024-12-25,CUST0071,Desk Lamp,40.4,5,,Montreal,0,Quebec,4291732,5,202.0
TXN00111,2024-07-27,CUST0126,Laptop Stand,47.77,2,SAVE15,Winnipeg,15,Manitoba,834678,156,81.21
TXN00112,2024-08-17,CUST0005,Smartphone Case,22.05,2,SAVE5,Ottawa-Gatineau,5,Ontario/Quebec,1488307,135,41.9
TXN00113,2024-12-05,CUST0149,Webcam,70.11,5,SAVE10,Edmonton,10,Alberta,1418118,25,315.5
TXN00114,2024-10-08,CUST0085,Portable SSD,115.96,4,,Calgary,0,Alberta,1481806,83,463.84
TXN00115,2024-04-28,CUST0031,Webcam,75.19,3,,Hamilton,0,Ontario,785184,246,225.57
TXN00116,2024-04-08,CUST0056,USB-C Hub,57.1,3,SAVE15,Kitchener-Cambridge-Waterloo,15,Ontario,575847,266,145.61
TXN00117,2024-11-01,CUST0073,Fitness Tracker,92.89,2,,Ottawa-Gatineau,0,Ontario/Quebec,1488307,59,185.78
TXN00118,2024-04-01,CUST0078,Noise-Cancelling Headphones,144.44,5,,Calgary,0,Alberta,1481806,273,722.2
TXN00119,2024-01-28,CUST0142,Wireless Mouse,28.74,2,SAVE15,Winnipeg,15,Manitoba,834678,337,48.86
TXN00120,2024-01-07,CUST0147,Mechanical Keyboard,86.11,4,SAVE5,Edmonton,5,Alberta,1418118,358,327.22
TXN00122,2024-09-08,CUST0019,Portable SSD,121.34,1,,Vancouver,0,British Columbia,2642825,113,121.34
TXN00123,2024-06-04,CUST0022,Desk Lamp,43.9,1,SAVE10,Quebec City,10,Quebec,839311,209,39.51
TXN00124,2024-11-01,CUST0159,Desk Lamp,37.76,5,SAVE5,Winnipeg,5,Manitoba,834678,59,179.36
TXN00125,2024-06-01,CUST0151,Smartphone Case,26.35,3,SAVE10,Kitchener-Cambridge-Waterloo,10,Ontario,575847,212,71.15
TXN00126,2024-11-08,CUST0026,Wireless Mouse,32.67,2,SAVE15,Ottawa-Gatineau,15,Ontario/Quebec,1488307,52,55.54
TXN00127,2024-12-04,CUST0021,Webcam,67.06,2,SAVE10,Montreal,10,Quebec,4291732,26,120.71
TXN00128,2024-01-02,CUST0105,USB-C Hub,53.96,5,SAVE5,Calgary,5,Alberta,1481806,363,256.31
TXN00129,2024-04-28,CUST0074,Wireless Mouse,31.23,4,,Ottawa-Gatineau,0,Ontario/Quebec,1488307,246,124.92
TXN00130,2024-11-16,CUST0151,Webcam,74.32,2,SAVE5,Montreal,5,Quebec,4291732,44,141.21
TXN00131,2024-04-25,CUST0166,Fitness Tracker,78.8,3,WELCOME20,Vancouver,20,British Columbia,2642825,249,189.12
TXN00132,2024-01-31,CUST0043,Mechanical Keyboard,95.26,5,SAVE15,Kitchener-Cambridge-Waterloo,15,Ontario,575847,334,404.86
TXN00133,2024-08-12,CUST0032,Webcam,71.55,3,SAVE15,Quebec City,15,Quebec,839311,140,182.45
TXN00134,2024-09-13,CUST0139,Webcam,71.91,1,SAVE10,Toronto,10,Ontario,6202225,108,64.72
TXN00135,2024-06-14,CUST0155,Portable SSD,113.53,1,,Kitchener-Cambridge-Waterloo,0,Ontario,575847,199,113.53
TXN00136,2024-01-11,CUST0173,Desk Lamp,42.52,5,,Vancouver,0,British Columbia,2642825,354,212.6
TXN00137,2024-09-22,CUST0167,Smartphone Case,23.72,3,,Kitchener-Cambridge-Waterloo,0,Ontario,575847,99,71.16
TXN00138,2024-11-21,CUST0126,Portable SSD,130.71,4,,Quebec City,0,Quebec,839311,39,522.84
TXN00139,2024-06-13,CUST0172,Noise-Cancelling Headphones,147.34,2,,Quebec City,0,Quebec,839311,200,294.68
TXN00140,2024-05-27,CUST0170,Smartphone Case,26.14,5,,Winnipeg,0,Manitoba,834678,217,130.7
TXN00141,2024-06-10,CUST0065,Mechanical Keyboard,86.81,4,WELCOME20,Hamilton,20,Ontario,785184,203,277.79
TXN00142,2024-12-02,CUST0139,Wireless Mouse,29.76,1,,Hamilton,0,Ontario,785184,28,29.76
TXN00143,2024-11-14,CUST0128,Noise-Cancelling Headphones,164.0,1,,Calgary,0,Alberta,1481806,46,164.0
TXN00144,2024-03-08,CUST0074,Fitness Tracker,83.7,4,,Toronto,0,Ontario,6202225,297,334.8
TXN00145,2024-05-02,CUST0041,Desk Lamp,38.44,1,SAVE10,Quebec City,10,Quebec,839311,242,34.6
TXN00146,2024-04-25,CUST0030,Mechanical Keyboard,89.3,1,SAVE15,Vancouver,15,British Columbia,2642825,249,75.9
TXN00147,2024-05-29,CUST0131,Smartphone Case,24.99,4,WELCOME20,Winnipeg,20,Manitoba,834678,215,79.97
TXN00148,2024-05-04,CUST0117,Smartphone Case,24.25,4,,Kitchener-Cambridge-Waterloo,0,Ontario,575847,240,97.0
TXN00149,2024-03-10,CUST0018,Fitness Tracker,80.96,4,,Hamilton,0,Ontario,785184,295,323.84
TXN00150,2024-01-02,CUST0073,Webcam,75.26,5,SAVE10,Winnipeg,10,Manitoba,834678,363,338.67
TXN00151,2024-08-16,CUST0138,USB-C Hub,54.33,3,SAVE10,Hamilton,10,Ontario,785184,136,146.69
TXN00152,2024-08-21,CUST0083,Portable SSD,128.33,2,SAVE10,Quebec City,10,Quebec,839311,131,230.99
TXN00153,2024-07-29,CUST0012,Laptop Stand,45.53,4,SAVE15,Quebec City,15,Quebec,839311,154,154.8
TXN00154,2024-12-05,CUST0167,Portable SSD,130.99,4,,Vancouver,0,British Columbia,2642825,25,523.96
TXN00155,2024-10-29,CUST0085,Fitness Tracker,91.02,4,,Hamilton,0,Ontario,785184,62,364.08
TXN00156,2024-01-08,CUST0037,Smartphone Case,23.57,2,,Winnipeg,0,Manitoba,834678,357,47.14
TXN00157,2024-06-22,CUST0160,Webcam,74.77,1,WELCOME20,Edmonton,20,Alberta,1418118,191,59.82
TXN00158,2024-07-13,CUST0082,Fitness Tracker,86.9,4,WELCOME20,Hamilton,20,Ontario,785184,170,278.08
TXN00159,2024-11-12,CUST0018,Wireless Mouse,28.4,3,,Montreal,0,Quebec,4291732,48,85.2
TXN00160,2024-02-20,CUST0163,Portable SSD,124.37,1,SAVE5,Vancouver,5,British Columbia,2642825,314,118.15
TXN00161,2024-01-15,CUST0012,Webcam,69.47,1,,Edmonton,0,Alberta,1418118,350,69.47
TXN00162,2024-08-08,CUST0038,Noise-Cancelling Headphones,151.8,4,SAVE10,Vancouver,10,British Columbia,2642825,144,546.48
TXN00163,2024-03-30,CUST0021,USB-C Hub,55.69,4,SAVE10,Ottawa-Gatineau,10,Ontario/Quebec,1488307,275,200.48
TXN00164,2024-10-25,CUST0037,Smartphone Case,22.71,3,SAVE5,Calgary,5,Alberta,1481806,66,64.72
TXN00165,2024-08-26,CUST0074,Wireless Mouse,31.06,2,,Winnipeg,0,Manitoba,834678,126,62.12
TXN00166,2024-10-27,CUST0077,Noise-Cancelling Headphones,164.44,4,SAVE15,Calgary,15,Alberta,1481806,64,559.1
TXN00167,2024-06-03,CUST0051,Smartphone Case,26.4,4,,Ottawa-Gatineau,0,Ontario/Quebec,1488307,210,105.6
TXN00168,2024-10-19,CUST0092,Portable SSD,121.29,3,,Quebec City,0,Quebec,839311,72,363.87
TXN00169,2024-01-05,CUST0145,Webcam,77.26,1,SAVE10,Winnipeg,10,Manitoba,834678,360,69.53
TXN00170,2024-04-27,CUST0156,Webcam,76.35,2,SAVE15,Ottawa-Gatineau,15,Ontario/Quebec,1488307,247,129.79
TXN00171,2024-05-08,CUST0174,Desk Lamp,41.99,2,SAVE15,Montreal,15,Quebec,4291732,236,71.38
TXN00172,2024-06-07,CUST0113,Wireless Mouse,27.19,3,SAVE15,Vancouver,15,British Columbia,2642825,206,69.33
TXN00173,2024-05-31,CUST0084,Mechanical Keyboard,94.44,2,,Vancouver,0,British Columbia,2642825,213,188.88
TXN00174,2024-07-06,CUST0136,Fitness Tracker,84.78,3,WELCOME20,Vancouver,20,British Columbia,2642825,177,203.47
TXN00175,2024-09-03,CUST0076,Webcam,75.55,3,WELCOME20,Montreal,20,Quebec,4291732,118,181.32
TXN00176,2024-02-08,CUST0037,Smartphone Case,25.22,2,WELCOME20,Quebec City,20,Quebec,839311,326,40.35
TXN00177,2024-07-06,CUST0024,Fitness Tracker,89.68,1,,Hamilton,0,Ontario,785184,177,89.68
TXN00178,2024-08-20,CUST0095,Mechanical Keyboard,93.1,3,SAVE10,Quebec City,10,Quebec,839311,132,251.37
TXN00179,2024-02-25,CUST0173,Noise-Cancelling Headphones,151.47,1,SAVE10,Hamilton,10,Ontario,785184,309,136.32
TXN00180,2024-11-08,CUST0057,Noise-Cancelling Headphones,164.71,4,SAVE15,Calgary,15,Alberta,1481806,52,560.01
TXN00181,2024-02-29,CUST0036,Portable SSD,108.63,1,,Winnipeg,0,Manitoba,834678,305,108.63
TXN00182,2024-02-19,CUST0061,Mechanical Keyboard,96.96,2,SAVE5,Winnipeg,5,Manitoba,834678,315,184.22
TXN00183,2024-12-09,CUST0179,Noise-Cancelling Headphones,174.26,4,SAVE10,Vancouver,10,British Columbia,2642825,21,627.34
TXN00184,2024-12-01,CUST0026,Portable SSD,127.48,5,SAVE5,Calgary,5,Alberta,1481806,29,605.53
TXN00185,2024-12-19,CUST0095,Wireless Mouse,28.29,4,,Edmonton,0,Alberta,1418118,11,113.16
TXN00186,2024-12-17,CUST0095,Mechanical Keyboard,90.79,3,,Quebec City,0,Quebec,839311,13,272.37
TXN00187,2024-04-07,CUST0032,Webcam,78.47,4,,Ottawa-Gatineau,0,Ontario/Quebec,1488307,267,313.88
TXN00188,2024-01-11,CUST0013,Desk Lamp,42.24,2,,Kitchener-Cambridge-Waterloo,0,Ontario,575847,354,84.48
TXN00189,2024-02-05,CUST0142,Laptop Stand,44.48,2,WELCOME20,Ottawa-Gatineau,20,Ontario/Quebec,1488307,329,71.17
TXN00190,2024-03-16,CUST0153,Noise-Cancelling Headphones,144.08,2,,Hamilton,0,Ontario,785184,289,288.16
TXN00191,2024-03-30,CUST0029,Webcam,74.32,1,,Toronto,0,Ontario,6202225,275,74.32
TXN00192,2024-05-01,CUST0151,Noise-Cancelling Headphones,154.35,2,,Toronto,0,Ontario,6202225,243,308.7
TXN00193,2024-08-03,CUST0135,USB-C Hub,50.29,1,SAVE5,Winnipeg,5,Manitoba,834678,149,47.78
TXN00194,2024-09-19,CUST0152,Noise-Cancelling Headphones,147.48,5,,Kitchener-Cambridge-Waterloo,0,Ontario,575847,102,737.4
TXN00195,2024-12-03,CUST0134,Wireless Mouse,28.8,1,,Winnipeg,0,Manitoba,834678,27,28.8
TXN00196,2024-08-06,CUST0176,Portable SSD,110.13,4,,Montreal,0,Quebec,4291732,146,440.52
TXN00197,2024-11-07,CUST0038,Noise-Cancelling Headphones,146.09,3,SAVE10,Kitchener-Cambridge-Waterloo,10,Ontario,575847,53,394.44
TXN00198,2024-12-30,CUST0084,Fitness Tracker,82.73,5,SAVE10,Calgary,10,Alberta,1481806,0,372.28
TXN00199,2024-09-15,CUST0155,Smartphone Case,23.66,1,WELCOME20,Hamilton,20,Ontario,785184,106,18.93
TXN00200,2024-08-08,CUST0116,Laptop Stand,50.92,4,,Winnipeg,0,Manitoba,834678,144,203.68
TXN00201,2024-07-31,CUST0025,Portable SSD,115.02,3,SAVE15,Calgary,15,Alberta,1481806,152,293.3
TXN00202,2024-03-19,CUST0176,Noise-Cancelling Headphones,173.52,1,,Montreal,0,Quebec,4291732,286,173.52
TXN00203,2024-08-09,CUST0025,Mechanical Keyboard,94.39,3,WELCOME20,Vancouver,20,British Columbia,2642825,143,226.54
TXN00204,2024-01-31,CUST0151,Fitness Tracker,92.49,5,,Montreal,0,Quebec,4291732,334,462.45
TXN00205,2024-06-30,CUST0171,Portable SSD,130.04,4,WELCOME20,Toronto,20,Ontario,6202225,183,416.13
TXN00206,2024-11-03,CUST0080,Webcam,69.86,5,SAVE10,Ottawa-Gatineau,10,Ontario/Quebec,1488307,57,314.37
TXN00207,2024-12-02,CUST0124,USB-C Hub,51.49,1,,Hamilton,0,Ontario,785184,28,51.49
TXN00208,2024-02-28,CUST0072,Noise-Cancelling Headphones,162.36,4,WELCOME20,Hamilton,20,Ontario,785184,306,519.55
TXN00209,2024-11-10,CUST0173,Desk Lamp,41.09,1,SAVE10,Calgary,10,Alberta,1481806,50,36.98
TXN00210,2024-04-02,CUST0070,Wireless Mouse,31.21,3,,Edmonton,0,Alberta,1418118,272,93.63
TXN00211,2024-04-02,CUST0037,Wireless Mouse,30.39,4,,Vancouver,0,British Columbia,2642825,272,121.56
TXN00212,2024-02-16,CUST0136,Wireless Mouse,28.28,4,SAVE5,Edmonton,5,Alberta,1418118,318,107.46
TXN00213,2024-07-08,CUST0080,USB-C Hub,56.92,5,SAVE10,Montreal,10,Quebec,4291732,175,256.14
TXN00214,2024-03-20,CUST0041,Wireless Mouse,31.52,1,SAVE15,Montreal,15,Quebec,4291732,285,26.79
TXN00215,2024-08-14,CUST0170,Webcam,70.91,5,SAVE5,Quebec City,5,Quebec,839311,138,336.82
TXN00216,2024-04-20,CUST0132,Webcam,66.44,4,,Calgary,0,Alberta,1481806,254,265.76
TXN00217,2024-09-06,CUST0135,Desk Lamp,41.29,1,,Quebec City,0,Quebec,839311,115,41.29
TXN00218,2024-01-29,CUST0002,Desk Lamp,37.59,2,WELCOME20,Vancouver,20,British Columbia,2642825,336,60.14
TXN00219,2024-05-28,CUST0084,Webcam,66.53,4,SAVE15,Quebec City,15,Quebec,839311,216,226.2
TXN00220,2024-03-07,CUST0098,USB-C Hub,54.86,2,SAVE10,Hamilton,10,Ontario,785184,298,98.75
TXN00221,2024-02-06,CUST0102,Noise-Cancelling Headphones,171.57,1,SAVE5,Toronto,5,Ontario,6202225,328,162.99
TXN00222,2024-02-09,CUST0081,Smartphone Case,24.36,5,SAVE5,Quebec City,5,Quebec,839311,325,115.71
TXN00223,2024-02-28,CUST0104,Webcam,65.1,3,,Kitchener-Cambridge-Waterloo,0,Ontario,575847,306,195.3
TXN00224,2024-12-19,CUST0093,Smartphone Case,22.02,1,,Quebec City,0,Quebec,839311,11,22.02
TXN00225,2024-07-24,CUST0135,Desk Lamp,36.58,3,SAVE15,Edmonton,15,Alberta,1418118,159,93.28
TXN00226,2024-06-19,CUST0044,Laptop Stand,43.25,1,SAVE10,Hamilton,10,Ontario,785184,194,38.93
TXN00227,2024-06-27,CUST0090,Laptop Stand,49.4,2,,Montreal,0,Quebec,4291732,186,98.8
TXN00228,2024-05-11,CUST0051,USB-C Hub,50.94,2,WELCOME20,Montreal,20,Quebec,4291732,233,81.5
TXN00229,2024-11-17,CUST0127,USB-C Hub,54.11,5,WELCOME20,Kitchener-Cambridge-Waterloo,20,Ontario,575847,43,216.44
TXN00230,2024-12-14,CUST0145,Smartphone Case,24.69,5,,Edmonton,0,Alberta,1418118,16,123.45
TXN00231,2024-08-13,CUST0018,USB-C Hub,54.16,3,WELCOME20,Calgary,20,Alberta,1481806,139,129.98
TXN00232,2024-01-29,CUST0091,Desk Lamp,40.01,3,SAVE5,Winnipeg,5,Manitoba,834678,336,114.03
TXN00233,2024-01-30,CUST0095,Wireless Mouse,31.98,1,SAVE15,Montreal,15,Quebec,4291732,335,27.18
TXN00234,2024-10-31,CUST0130,Desk Lamp,39.03,5,SAVE10,Toronto,10,Ontario,6202225,60,175.64
TXN00235,2024-10-19,CUST0167,Smartphone Case,22.5,5,SAVE5,Hamilton,5,Ontario,785184,72,106.88
TXN00236,2024-02-01,CUST0116,USB-C Hub,50.18,3,SAVE15,Montreal,15,Quebec,4291732,333,127.96
TXN00237,2024-11-26,CUST0045,Fitness Tracker,76.94,4,SAVE5,Hamilton,5,Ontario,785184,34,292.37
TXN00238,2024-11-08,CUST0041,Fitness Tracker,82.44,3,SAVE5,Quebec City,5,Quebec,839311,52,234.95
TXN00239,2024-12-13,CUST0154,Noise-Cancelling Headphones,145.67,3,,Edmonton,0,Alberta,1418118,17,437.01
TXN00240,2024-10-12,CUST0174,Mechanical Keyboard,87.95,3,SAVE15,Kitchener-Cambridge-Waterloo,15,Ontario,575847,79,224.27
TXN00241,2024-06-19,CUST0021,USB-C Hub,55.4,2,,Calgary,0,Alberta,1481806,194,110.8
TXN00242,2024-03-07,CUST0153,Portable SSD,124.49,1,,Hamilton,0,Ontario,785184,298,124.49
TXN00243,2024-11-25,CUST0085,Portable SSD,126.99,5,,Quebec City,0,Quebec,839311,35,634.95
TXN00244,2024-07-04,CUST0005,Fitness Tracker,82.42,2,,Edmonton,0,Alberta,1418118,179,164.84
TXN00245,2024-04-08,CUST0058,Smartphone Case,26.4,2,,Calgary,0,Alberta,1481806,266,52.8
TXN00246,2024-09-16,CUST0139,Mechanical Keyboard,96.02,5,,Edmonton,0,Alberta,1418118,105,480.1
TXN00247,2024-03-08,CUST0153,Desk Lamp,38.96,2,,Kitchener-Cambridge-Waterloo,0,Ontario,575847,297,77.92
TXN00248,2024-08-12,CUST0012,USB-C Hub,53.53,2,SAVE5,Kitchener-Cambridge-Waterloo,5,Ontario,575847,140,101.71
TXN00249,2024-08-17,CUST0060,Webcam,72.49,3,WELCOME20,Winnipeg,20,Manitoba,834678,135,173.98
TXN00250,2024-07-07,CUST0174,Laptop Stand,51.48,4,SAVE5,Calgary,5,Alberta,1481806,176,195.62
TXN00251,2024-09-14,CUST0136,Portable SSD,117.56,2,WELCOME20,Ottawa-Gatineau,20,Ontario/Quebec,1488307,107,188.1
TXN00252,2024-03-11,CUST0065,Desk Lamp,36.37,4,WELCOME20,Edmonton,20,Alberta,1418118,294,116.38
TXN00253,2024-02-22,CUST0133,Fitness Tracker,90.7,3,,Vancouver,0,British Columbia,2642825,312,272.1
TXN00254,2024-08-18,CUST0132,Webcam,66.92,4,,Ottawa-Gatineau,0,Ontario/Quebec,1488307,134,267.68
TXN00255,2024-06-27,CUST0007,Smartphone Case,23.59,4,SAVE10,Edmonton,10,Alberta,1418118,186,84.92
TXN00256,2024-07-16,CUST0021,Laptop Stand,46.07,1,,Montreal,0,Quebec,4291732,167,46.07
TXN00257,2024-03-15,CUST0036,Noise-Cancelling Headphones,145.22,4,SAVE15,Vancouver,15,British Columbia,2642825,290,493.75
TXN00258,2024-08-17,CUST0158,Smartphone Case,21.63,1,,Calgary,0,Alberta,1481806,135,21.63
TXN00259,2024-03-17,CUST0141,Laptop Stand,51.41,5,SAVE10,Quebec City,10,Quebec,839311,288,231.34
TXN00260,2024-05-27,CUST0061,Mechanical Keyboard,86.41,1,,Quebec City,0,Quebec,839311,217,86.41
TXN00261,2024-08-22,CUST0017,Desk Lamp,36.84,4,SAVE10,Hamilton,10,Ontario,785184,130,132.62
TXN00262,2024-11-19,CUST0132,Wireless Mouse,30.44,2,,Quebec City,0,Quebec,839311,41,60.88
TXN00263,2024-11-10,CUST0091,Wireless Mouse,28.43,4,,Montreal,0,Quebec,4291732,50,113.72
TXN00264,2024-07-03,CUST0018,Fitness Tracker,92.44,5,SAVE10,Hamilton,10,Ontario,785184,180,415.98
TXN00265,2024-01-11,CUST0100,Fitness Tracker,91.08,1,SAVE15,Quebec City,15,Quebec,839311,354,77.42
TXN00266,2024-05-09,CUST0005,Noise-Cancelling Headphones,155.42,1,,Ottawa-Gatineau,0,Ontario/Quebec,1488307,235,155.42
TXN00267,2024-10-24,CUST0086,Mechanical Keyboard,83.39,3,SAVE10,Edmonton,10,Alberta,1418118,67,225.15
TXN00268,2024-12-16,CUST0119,USB-C Hub,59.74,4,SAVE15,Vancouver,15,British Columbia,2642825,14,203.12
TXN00269,2024-02-02,CUST0118,USB-C Hub,49.45,2,,Ottawa-Gatineau,0,Ontario/Quebec,1488307,332,98.9
TXN00270,2024-06-10,CUST0080,Wireless Mouse,30.08,5,SAVE5,Calgary,5,Alberta,1481806,203,142.88
TXN00271,2024-11-27,CUST0049,Wireless Mouse,28.71,1,WELCOME20,Edmonton,20,Alberta,1418118,33,22.97
TXN00272,2024-03-04,CUST0095,Webcam,71.09,4,SAVE15,Winnipeg,15,Manitoba,834678,301,241.71
TXN00273,2024-06-22,CUST0048,Portable SSD,119.41,4,,Hamilton,0,Ontario,785184,191,477.64
TXN00274,2024-02-12,CUST0109,Webcam,65.94,5,WELCOME20,Vancouver,20,British Columbia,2642825,322,263.76
TXN00275,2024-05-30,CUST0083,Fitness Tracker,78.01,3,SAVE15,Calgary,15,Alberta,1481806,214,198.93
TXN00276,2024-08-16,CUST0155,Webcam,75.13,2,SAVE15,Winnipeg,15,Manitoba,834678,136,127.72
TXN00277,2024-08-16,CUST0011,Noise-Cancelling Headphones,167.25,3,SAVE10,Quebec City,10,Quebec,839311,136,451.58
TXN00278,2024-11-23,CUST0015,Webcam,65.88,4,,Hamilton,0,Ontario,785184,37,263.52
TXN00279,2024-01-16,CUST0037,USB-C Hub,58.3,4,,Vancouver,0,British Columbia,2642825,349,233.2
TXN00280,2024-04-30,CUST0166,Mechanical Keyboard,87.58,4,SAVE10,Toronto,10,Ontario,6202225,244,315.29
TXN00281,2024-03-19,CUST0174,Desk Lamp,39.55,3,,Winnipeg,0,Manitoba,834678,286,118.65
TXN00282,2024-10-20,CUST0036,Mechanical Keyboard,90.52,4,,Calgary,0,Alberta,1481806,71,362.08
TXN00283,2024-02-28,CUST0007,Laptop Stand,49.48,4,SAVE10,Quebec City,10,Quebec,839311,306,178.13
TXN00284,2024-03-01,CUST0068,Fitness Tracker,89.41,4,,Kitchener-Cambridge-Waterloo,0,Ontario,575847,304,357.64
TXN00285,2024-12-21,CUST0126,Webcam,67.68,2,WELCOME20,Montreal,20,Quebec,4291732,9,108.29
TXN00286,2024-03-29,CUST0114,Smartphone Case,26.39,3,SAVE15,Edmonton,15,Alberta,1418118,276,67.29
TXN00287,2024-10-08,CUST0139,Mechanical Keyboard,86.22,3,WELCOME20,Vancouver,20,British Columbia,2642825,83,206.93
TXN00288,2024-07-04,CUST0131,USB-C Hub,51.49,2,WELCOME20,Vancouver,20,British Columbia,2642825,179,82.38
TXN00289,2024-09-09,CUST0007,Laptop Stand,45.94,5,,Winnipeg,0,Manitoba,834678,112,229.7
TXN00290,2024-03-07,CUST0157,Fitness Tracker,91.26,1,,Quebec City,0,Quebec,839311,298,91.26
TXN00291,2024-09-26,CUST0106,Smartphone Case,25.29,5,,Vancouver,0,British Columbia,2642825,95,126.45
TXN00292,2024-11-24,CUST0019,Noise-Cancelling Headphones,158.39,5,,Vancouver,0,British Columbia,2642825,36,791.95
TXN00293,2024-11-23,CUST0151,Fitness Tracker,79.36,2,SAVE5,Hamilton,5,Ontario,785184,37,150.78
TXN00294,2024-03-04,CUST0133,Wireless Mouse,27.91,2,,Edmonton,0,Alberta,1418118,301,55.82
TXN00295,2024-06-26,CUST0133,Laptop Stand,50.98,1,,Ottawa-Gatineau,0,Ontario/Quebec,1488307,187,50.98
TXN00296,2024-05-20,CUST0033,Fitness Tracker,86.87,5,SAVE10,Montreal,10,Quebec,4291732,224,390.92
TXN00297,2024-11-24,CUST0044,Fitness Tracker,86.31,5,,Vancouver,0,British Columbia,2642825,36,431.55
TXN00298,2024-11-05,CUST0087,Desk Lamp,42.69,5,,Toronto,0,Ontario,6202225,55,213.45
TXN00299,2024-01-24,CUST0165,Mechanical Keyboard,94.87,3,SAVE15,Ottawa-Gatineau,15,Ontario/Quebec,1488307,341,241.92
TXN00300,2024-08-01,CUST0159,Desk Lamp,41.06,4,SAVE15,Hamilton,15,Ontario,785184,151,139.6
TXN00301,2024-11-24,CUST0078,Webcam,71.75,4,,Winnipeg,0,Manitoba,834678,36,287.0
TXN00302,2024-12-18,CUST0016,Mechanical Keyboard,83.84,4,SAVE5,Winnipeg,5,Manitoba,834678,12,318.59
TXN00303,2024-06-23,CUST0156,Laptop Stand,43.88,3,SAVE15,Edmonton,15,Alberta,1418118,190,111.89
TXN00304,2024-03-07,CUST0095,Portable SSD,119.86,1,,Ottawa-Gatineau,0,Ontario/Quebec,1488307,298,119.86
TXN00305,2024-03-03,CUST0069,Smartphone Case,23.76,2,,Toronto,0,Ontario,6202225,302,47.52
TXN00306,2024-07-15,CUST0158,Webcam,70.82,2,WELCOME20,Edmonton,20,Alberta,1418118,168,113.31
TXN00307,2024-06-09,CUST0049,Desk Lamp,42.05,4,SAVE10,Winnipeg,10,Manitoba,834678,204,151.38
TXN00308,2024-06-06,CUST0128,Smartphone Case,21.71,4,SAVE10,Winnipeg,10,Manitoba,834678,207,78.16
TXN00309,2024-04-20,CUST0150,Laptop Stand,45.86,1,,Winnipeg,0,Manitoba,834678,254,45.86
TXN00310,2024-11-30,CUST0173,Desk Lamp,39.71,5,,Montreal,0,Quebec,4291732,30,198.55
TXN00311,2024-03-09,CUST0068,Portable SSD,124.94,4,,Toronto,0,Ontario,6202225,296,499.76
TXN00312,2024-01-27,CUST0146,Portable SSD,120.98,3,SAVE10,Calgary,10,Alberta,1481806,338,326.65
TXN00313,2024-07-16,CUST0130,Mechanical Keyboard,89.1,5,,Kitchener-Cambridge-Waterloo,0,Ontario,575847,167,445.5
TXN00314,2024-03-01,CUST0033,Desk Lamp,43.75,4,,Edmonton,0,Alberta,1418118,304,175.0
TXN00315,2024-07-06,CUST0037,Fitness Tracker,79.65,5,SAVE5,Hamilton,5,Ontario,785184,177,378.34
TXN00316,2024-01-24,CUST0010,Wireless Mouse,27.81,3,WELCOME20,Winnipeg,20,Manitoba,834678,341,66.74
TXN00317,2024-08-21,CUST0039,Fitness Tracker,86.55,5,,Edmonton,0,Alberta,1418118,131,432.75
TXN00318,2024-06-12,CUST0042,Desk Lamp,39.09,5,SAVE15,Calgary,15,Alberta,1481806,201,166.13
TXN00319,2024-06-21,CUST0130,Desk Lamp,42.57,5,SAVE5,Kitchener-Cambridge-Waterloo,5,Ontario,575847,192,202.21
TXN00320,2024-08-31,CUST0005,Webcam,70.1,1,SAVE5,Kitchener-Cambridge-Waterloo,5,Ontario,575847,121,66.59
TXN00321,2024-12-18,CUST0162,Webcam,65.18,4,,Kitchener-Cambridge-Waterloo,0,Ontario,575847,12,260.72
TXN00322,2024-04-26,CUST0014,Desk Lamp,40.62,2,SAVE10,Kitchener-Cambridge-Waterloo,10,Ontario,575847,248,73.12
TXN00323,2024-03-16,CUST0175,Portable SSD,113.34,5,SAVE15,Montreal,15,Quebec,4291732,289,481.7
TXN00324,2024-01-10,CUST0113,Laptop Stand,45.49,2,SAVE5,Ottawa-Gatineau,5,Ontario/Quebec,1488307,355,86.43
TXN00325,2024-09-13,CUST0157,Portable SSD,129.55,1,SAVE15,Vancouver,15,British Columbia,2642825,108,110.12
TXN00326,2024-04-16,CUST0144,Fitness Tracker,81.78,4,SAVE10,Quebec City,10,Quebec,839311,258,294.41
TXN00327,2024-03-29,CUST0118,Noise-Cancelling Headphones,173.18,3,SAVE10,Edmonton,10,Alberta,1418118,276,467.59
TXN00328,2024-11-08,CUST0124,Webcam,67.57,2,,Hamilton,0,Ontario,785184,52,135.14
TXN00329,2024-04-25,CUST0077,Webcam,75.9,2,SAVE15,Winnipeg,15,Manitoba,834678,249,129.03
TXN00330,2024-09-02,CUST0090,Noise-Cancelling Headphones,161.93,3,,Montreal,0,Quebec,4291732,119,485.79
TXN00331,2024-12-12,CUST0140,Desk Lamp,38.99,4,WELCOME20,Edmonton,20,Alberta,1418118,18,124.77
TXN00332,2024-05-28,CUST0011,USB-C Hub,52.19,1,,Winnipeg,0,Manitoba,834678,216,52.19
TXN00333,2024-09-02,CUST0055,Webcam,67.71,5,,Hamilton,0,Ontario,785184,119,338.55
TXN00334,2024-03-11,CUST0028,Webcam,73.67,5,,Ottawa-Gatineau,0,Ontario/Quebec,1488307,294,368.35
TXN00335,2024-12-08,CUST0136,Wireless Mouse,28.34,2,,Montreal,0,Quebec,4291732,22,56.68
TXN00336,2024-06-18,CUST0121,Portable SSD,109.95,2,,Hamilton,0,Ontario,785184,195,219.9
TXN00337,2024-07-27,CUST0168,USB-C Hub,59.24,4,SAVE5,Ottawa-Gatineau,5,Ontario/Quebec,1488307,156,225.11
TXN00338,2024-06-13,CUST0074,Webcam,74.1,1,SAVE15,Kitchener-Cambridge-Waterloo,15,Ontario,575847,200,62.98
TXN00339,2024-09-30,CUST0010,Laptop Stand,51.16,2,SAVE5,Vancouver,5,British Columbia,2642825,91,97.2
TXN00340,2024-07-22,CUST0127,Wireless Mouse,28.11,3,,Toronto,0,Ontario,6202225,161,84.33
TXN00341,2024-10-17,CUST0155,Webcam,66.35,3,,Winnipeg,0,Manitoba,834678,74,199.05
TXN00342,2024-09-25,CUST0127,Fitness Tracker,91.35,2,WELCOME20,Hamilton,20,Ontario,785184,96,146.16
TXN00343,2024-05-19,CUST0050,Smartphone Case,25.48,3,,Winnipeg,0,Manitoba,834678,225,76.44
TXN00344,2024-04-05,CUST0004,Webcam,75.41,3,SAVE10,Ottawa-Gatineau,10,Ontario/Quebec,1488307,269,203.61
TXN00345,2024-11-08,CUST0164,USB-C Hub,58.83,4,SAVE10,Edmonton,10,Alberta,1418118,52,211.79
TXN00346,2024-07-24,CUST0172,Mechanical Keyboard,82.71,2,SAVE5,Edmonton,5,Alberta,1418118,159,157.15
TXN00347,2024-01-04,CUST0067,Laptop Stand,46.15,4,WELCOME20,Calgary,20,Alberta,1481806,361,147.68
TXN00348,2024-06-03,CUST0150,Noise-Cancelling Headphones,167.12,1,,Edmonton,0,Alberta,1418118,210,167.12
TXN00349,2024-02-01,CUST0171,Laptop Stand,43.64,3,,Quebec City,0,Quebec,839311,333,130.92
TXN00350,2024-12-26,CUST0080,Fitness Tracker,87.98,3,,Kitchener-Cambridge-Waterloo,0,Ontario,575847,4,263.94
TXN00351,2024-04-22,CUST0035,Laptop Stand,47.04,4,SAVE15,Kitchener-Cambridge-Waterloo,15,Ontario,575847,252,159.94
TXN00352,2024-07-31,CUST0180,Noise-Cancelling Headphones,161.57,4,WELCOME20,Hamilton,20,Ontario,785184,152,517.02
TXN00353,2024-05-06,CUST0175,Laptop Stand,49.66,1,SAVE10,Winnipeg,10,Manitoba,834678,238,44.69
TXN00354,2024-12-26,CUST0093,Fitness Tracker,77.6,5,,Toronto,0,Ontario,6202225,4,388.0
TXN00355,2024-09-15,CUST0052,Fitness Tracker,85.98,2,,Edmonton,0,Alberta,1418118,106,171.96
TXN00356,2024-08-14,CUST0030,Fitness Tracker,87.81,5,SAVE5,Montreal,5,Quebec,4291732,138,417.1
TXN00357,2024-08-16,CUST0015,Fitness Tracker,83.96,5,SAVE5,Winnipeg,5,Manitoba,834678,136,398.81
TXN00358,2024-01-30,CUST0144,Desk Lamp,39.65,3,SAVE15,Toronto,15,Ontario,6202225,335,101.11
TXN00359,2024-05-10,CUST0001,Portable SSD,125.37,5,,Toronto,0,Ontario,6202225,234,626.85
TXN00360,2024-06-25,CUST0180,Portable SSD,109.07,1,,Winnipeg,0,Manitoba,834678,188,109.07
TXN00361,2024-05-26,CUST0105,Wireless Mouse,28.07,2,WELCOME20,Quebec City,20,Quebec,839311,218,44.91
TXN00362,2024-07-14,CUST0115,Noise-Cancelling Headphones,171.82,4,SAVE5,Montreal,5,Quebec,4291732,169,652.92
TXN00363,2024-03-09,CUST0168,Fitness Tracker,90.86,1,,Hamilton,0,Ontario,785184,296,90.86
TXN00364,2024-09-27,CUST0033,Portable SSD,124.95,2,WELCOME20,Toronto,20,Ontario,6202225,94,199.92
TXN00365,2024-06-01,CUST0119,Wireless Mouse,31.03,5,SAVE5,Hamilton,5,Ontario,785184,212,147.39
TXN00366,2024-04-27,CUST0064,Portable SSD,118.56,2,,Ottawa-Gatineau,0,Ontario/Quebec,1488307,247,237.12
TXN00367,2024-01-17,CUST0170,Mechanical Keyboard,88.54,1,,Ottawa-Gatineau,0,Ontario/Quebec,1488307,348,88.54
TXN00368,2024-02-21,CUST0153,Mechanical Keyboard,81.6,5,SAVE15,Toronto,15,Ontario,6202225,313,346.8
TXN00369,2024-01-23,CUST0103,Laptop Stand,46.67,5,,Toronto,0,Ontario,6202225,342,233.35
TXN00370,2024-09-14,CUST0075,USB-C Hub,51.6,5,,Kitchener-Cambridge-Waterloo,0,Ontario,575847,107,258.0
TXN00371,2024-12-10,CUST0083,Desk Lamp,37.85,2,SAVE15,Hamilton,15,Ontario,785184,20,64.34
TXN00372,2024-07-30,CUST0077,Laptop Stand,45.13,5,SAVE10,Vancouver,10,British Columbia,2642825,153,203.08
TXN00373,2024-10-11,CUST0127,Portable SSD,108.67,3,SAVE15,Quebec City,15,Quebec,839311,80,277.11
TXN00374,2024-06-12,CUST0179,Fitness Tracker,83.33,2,,Quebec City,0,Quebec,839311,201,166.66
TXN00375,2024-10-02,CUST0122,USB-C Hub,51.68,2,,Vancouver,0,British Columbia,2642825,89,103.36
TXN00376,2024-01-30,CUST0144,Smartphone Case,23.58,4,SAVE10,Hamilton,10,Ontario,785184,335,84.89
TXN00377,2024-07-17,CUST0063,USB-C Hub,51.83,3,SAVE15,Montreal,15,Quebec,4291732,166,132.17
TXN00378,2024-07-08,CUST0024,Smartphone Case,24.17,2,,Calgary,0,Alberta,1481806,175,48.34
TXN00379,2024-12-10,CUST0155,Portable SSD,121.96,1,,Kitchener-Cambridge-Waterloo,0,Ontario,575847,20,121.96
TXN00380,2024-04-21,CUST0123,Fitness Tracker,79.82,3,,Toronto,0,Ontario,6202225,253,239.46
TXN00381,2024-04-07,CUST0031,Laptop Stand,49.58,4,,Kitchener-Cambridge-Waterloo,0,Ontario,575847,267,198.32
TXN00382,2024-07-22,CUST0062,Laptop Stand,47.74,3,SAVE5,Winnipeg,5,Manitoba,834678,161,136.06
TXN00383,2024-11-28,CUST0092,Fitness Tracker,81.5,3,SAVE10,Winnipeg,10,Manitoba,834678,32,220.05
TXN00384,2024-02-20,CUST0121,Smartphone Case,25.26,3,,Edmonton,0,Alberta,1418118,314,75.78
TXN00385,2024-07-30,CUST0012,Noise-Cancelling Headphones,161.99,2,SAVE15,Vancouver,15,British Columbia,2642825,153,275.38
TXN00386,2024-05-13,CUST0142,Wireless Mouse,32.6,5,SAVE15,Quebec City,15,Quebec,839311,231,138.55
TXN00387,2024-03-19,CUST0051,Webcam,69.55,4,SAVE10,Ottawa-Gatineau,10,Ontario/Quebec,1488307,286,250.38
TXN00388,2024-10-08,CUST0168,Smartphone Case,26.13,3,,Winnipeg,0,Manitoba,834678,83,78.39
TXN00389,2024-08-23,CUST0044,Smartphone Case,25.12,3,,Vancouver,0,British Columbia,2642825,129,75.36
TXN00390,2024-09-07,CUST0048,Fitness Tracker,91.82,5,SAVE15,Toronto,15,Ontario,6202225,114,390.23
TXN00391,2024-01-18,CUST0020,Fitness Tracker,92.3,1,WELCOME20,Toronto,20,Ontario,6202225,347,73.84
TXN00392,2024-03-11,CUST0162,Portable SSD,113.08,2,,Ottawa-Gatineau,0,Ontario/Quebec,1488307,294,226.16
TXN00393,2024-08-21,CUST0096,Fitness Tracker,77.3,5,SAVE5,Winnipeg,5,Manitoba,834678,131,367.17
TXN00394,2024-01-04,CUST0137,Wireless Mouse,30.3,1,,Hamilton,0,Ontario,785184,361,30.3
TXN00395,2024-10-01,CUST0074,Webcam,65.05,4,WELCOME20,Vancouver,20,British Columbia,2642825,90,208.16
TXN00396,2024-02-19,CUST0135,Mechanical Keyboard,83.67,2,SAVE10,Hamilton,10,Ontario,785184,315,150.61
TXN00397,2024-06-30,CUST0069,Webcam,76.25,1,,Quebec City,0,Quebec,839311,183,76.25
TXN00398,2024-10-16,CUST0063,Smartphone Case,26.35,2,,Montreal,0,Quebec,4291732,75,52.7
TXN00399,2024-02-17,CUST0104,Wireless Mouse,29.27,5,SAVE5,Toronto,5,Ontario,6202225,317,139.03
TXN00400,2024-12-25,CUST0044,Wireless Mouse,27.49,4,SAVE15,Edmonton,15,Alberta,1418118,5,93.47
TXN00401,2024-02-18,CUST0136,Desk Lamp,43.3,2,,Kitchener-Cambridge-Waterloo,0,Ontario,575847,316,86.6
TXN00402,2024-05-18,CUST0012,Smartphone Case,26.04,3,SAVE10,Kitchener-Cambridge-Waterloo,10,Ontario,575847,226,70.31
TXN00403,2024-04-01,CUST0081,Wireless Mouse,27.08,2,SAVE10,Vancouver,10,British Columbia,2642825,273,48.74
TXN00404,2024-02-09,CUST0077,Portable SSD,111.43,2,SAVE10,Quebec City,10,Quebec,839311,325,200.57
TXN00405,2024-06-18,CUST0099,Fitness Tracker,89.08,2,WELCOME20,Montreal,20,Quebec,4291732,195,142.53
TXN00406,2024-06-26,CUST0014,Fitness Tracker,77.93,2,WELCOME20,Montreal,20,Quebec,4291732,187,124.69
TXN00407,2024-11-05,CUST0158,Noise-Cancelling Headphones,174.54,4,WELCOME20,Edmonton,20,Alberta,1418118,55,558.53
TXN00408,2024-11-20,CUST0070,Wireless Mouse,31.69,4,SAVE5,Ottawa-Gatineau,5,Ontario/Quebec,1488307,40,120.42
TXN00409,2024-10-10,CUST0097,Noise-Cancelling Headphones,157.81,5,SAVE15,Quebec City,15,Quebec,839311,81,670.69
TXN00410,2024-11-12,CUST0076,Mechanical Keyboard,95.35,1,,Calgary,0,Alberta,1481806,48,95.35
TXN00411,2024-07-13,CUST0163,USB-C Hub,50.73,4,,Edmonton,0,Alberta,1418118,170,202.92
TXN00412,2024-02-16,CUST0002,Mechanical Keyboard,97.96,4,,Calgary,0,Alberta,1481806,318,391.84
TXN00413,2024-03-08,CUST0023,Mechanical Keyboard,84.36,4,SAVE10,Hamilton,10,Ontario,785184,297,303.7
TXN00414,2024-07-27,CUST0027,Fitness Tracker,76.72,3,SAVE10,Montreal,10,Quebec,4291732,156,207.14
TXN00415,2024-11-02,CUST0084,Desk Lamp,42.86,1,,Quebec City,0,Quebec,839311,58,42.86
TXN00416,2024-02-13,CUST0144,Portable SSD,129.18,2,SAVE10,Hamilton,10,Ontario,785184,321,232.52
TXN00417,2024-12-16,CUST0098,USB-C Hub,50.9,3,,Calgary,0,Alberta,1481806,14,152.7
TXN00418,2024-03-15,CUST0017,Smartphone Case,22.4,3,SAVE5,Calgary,5,Alberta,1481806,290,63.84
TXN00419,2024-02-09,CUST0093,Smartphone Case,22.81,2,SAVE15,Winnipeg,15,Manitoba,834678,325,38.78
TXN00420,2024-11-11,CUST0051,Desk Lamp,39.61,2,,Toronto,0,Ontario,6202225,49,79.22
TXN00421,2024-06-19,CUST0159,Portable SSD,116.63,3,SAVE5,Edmonton,5,Alberta,1418118,194,332.4
TXN00422,2024-11-29,CUST0153,Portable SSD,110.8,3,SAVE10,Ottawa-Gatineau,10,Ontario/Quebec,1488307,31,299.16
TXN00423,2024-06-09,CUST0046,Smartphone Case,26.23,3,,Winnipeg,0,Manitoba,834678,204,78.69
TXN00424,2024-05-04,CUST0084,Desk Lamp,38.96,4,,Montreal,0,Quebec,4291732,240,155.84
TXN00425,2024-04-12,CUST0152,Desk Lamp,43.92,2,SAVE15,Hamilton,15,Ontario,785184,262,74.66
TXN00426,2024-08-24,CUST0054,Wireless Mouse,29.62,3,WELCOME20,Montreal,20,Quebec,4291732,128,71.09
TXN00427,2024-12-10,CUST0128,Portable SSD,110.88,3,,Calgary,0,Alberta,1481806,20,332.64
TXN00428,2024-08-04,CUST0097,USB-C Hub,49.86,5,SAVE5,Kitchener-Cambridge-Waterloo,5,Ontario,575847,148,236.84
TXN00429,2024-09-30,CUST0130,Portable SSD,129.62,4,SAVE10,Toronto,10,Ontario,6202225,91,466.63
TXN00430,2024-12-25,CUST0138,Noise-Cancelling Headphones,162.99,1,,Ottawa-Gatineau,0,Ontario/Quebec,1488307,5,162.99
TXN00431,2024-03-26,CUST0166,Noise-Cancelling Headphones,163.6,5,SAVE15,Quebec City,15,Quebec,839311,279,695.3
TXN00432,2024-08-08,CUST0028,Noise-Cancelling Headphones,144.33,3,,Hamilton,0,Ontario,785184,144,432.99
TXN00433,2024-10-12,CUST0149,Fitness Tracker,87.93,2,SAVE5,Edmonton,5,Alberta,1418118,79,167.07
TXN00434,2024-08-25,CUST0174,Portable SSD,121.62,5,,Edmonton,0,Alberta,1418118,127,608.1
TXN00435,2024-09-04,CUST0027,Wireless Mouse,28.76,1,,Vancouver,0,British Columbia,2642825,117,28.76
TXN00436,2024-06-08,CUST0088,Noise-Cancelling Headphones,158.56,2,SAVE10,Winnipeg,10,Manitoba,834678,205,285.41
TXN00437,2024-08-31,CUST0025,Noise-Cancelling Headphones,158.01,4,,Montreal,0,Quebec,4291732,121,632.04
TXN00438,2024-01-23,CUST0030,Webcam,65.13,3,SAVE15,Montreal,15,Quebec,4291732,342,166.08
TXN00439,2024-05-04,CUST0133,USB-C Hub,50.95,2,,Hamilton,0,Ontario,785184,240,101.9
TXN00440,2024-08-24,CUST0060,Portable SSD,126.62,2,,Quebec City,0,Quebec,839311,128,253.24
TXN00441,2024-01-15,CUST0158,Portable SSD,128.66,4,SAVE10,Quebec City,10,Quebec,839311,350,463.18
TXN00442,2024-01-03,CUST0055,Portable SSD,112.47,1,SAVE10,Montreal,10,Quebec,4291732,362,101.22
TXN00443,2024-04-05,CUST0094,Fitness Tracker,81.8,4,,Calgary,0,Alberta,1481806,269,327.2
TXN00444,2024-09-27,CUST0164,Smartphone Case,23.1,4,SAVE10,Quebec City,10,Quebec,839311,94,83.16
TXN00445,2024-02-28,CUST0090,Desk Lamp,38.77,4,SAVE10,Vancouver,10,British Columbia,2642825,306,139.57
TXN00446,2024-11-10,CUST0152,Webcam,66.02,2,,Montreal,0,Quebec,4291732,50,132.04
TXN00447,2024-06-05,CUST0030,Laptop Stand,44.25,2,SAVE10,Quebec City,10,Quebec,839311,208,79.65
TXN00448,2024-11-01,CUST0036,Portable SSD,121.29,4,,Winnipeg,0,Manitoba,834678,59,485.16
TXN00449,2024-12-21,CUST0166,Fitness Tracker,92.05,2,SAVE10,Vancouver,10,British Columbia,2642825,9,165.69
TXN00450,2024-05-27,CUST0036,Smartphone Case,22.5,4,SAVE10,Toronto,10,Ontario,6202225,217,81.0
TXN00451,2024-01-05,CUST0125,Noise-Cancelling Headphones,148.36,4,SAVE10,Hamilton,10,Ontario,785184,360,534.1
TXN00452,2024-07-28,CUST0176,Smartphone Case,23.96,4,SAVE5,Vancouver,5,British Columbia,2642825,155,91.05
TXN00453,2024-10-16,CUST0008,Mechanical Keyboard,95.32,2,,Toronto,0,Ontario,6202225,75,190.64
TXN00454,2024-04-25,CUST0138,Webcam,68.96,4,SAVE10,Winnipeg,10,Manitoba,834678,249,248.26
TXN00455,2024-09-18,CUST0029,Fitness Tracker,85.98,3,WELCOME20,Hamilton,20,Ontario,785184,103,206.35
TXN00456,2024-10-04,CUST0011,Noise-Cancelling Headphones,168.31,4,SAVE10,Ottawa-Gatineau,10,Ontario/Quebec,1488307,87,605.92
TXN00457,2024-02-22,CUST0168,Portable SSD,125.51,3,WELCOME20,Toronto,20,Ontario,6202225,312,301.22
TXN00458,2024-05-14,CUST0090,Smartphone Case,25.74,1,SAVE5,Montreal,5,Quebec,4291732,230,24.45
TXN00459,2024-04-17,CUST0151,Laptop Stand,49.04,5,SAVE15,Quebec City,15,Quebec,839311,257,208.42
TXN00460,2024-11-11,CUST0036,USB-C Hub,57.6,2,WELCOME20,Toronto,20,Ontario,6202225,49,92.16
TXN00461,2024-06-28,CUST0137,Desk Lamp,38.2,5,,Edmonton,0,Alberta,1418118,185,191.0
TXN00462,2024-05-28,CUST0147,Webcam,68.65,5,SAVE15,Montreal,15,Quebec,4291732,216,291.76
TXN00463,2024-07-29,CUST0016,USB-C Hub,59.87,2,SAVE15,Vancouver,15,British Columbia,2642825,154,101.78
TXN00464,2024-03-15,CUST0083,Laptop Stand,50.35,4,SAVE5,Vancouver,5,British Columbia,2642825,290,191.33
TXN00465,2024-11-19,CUST0069,Desk Lamp,40.97,4,SAVE5,Montreal,5,Quebec,4291732,41,155.69
TXN00466,2024-07-25,CUST0132,Mechanical Keyboard,94.49,3,SAVE5,Winnipeg,5,Manitoba,834678,158,269.3
TXN00467,2024-10-24,CUST0001,Noise-Cancelling Headphones,171.79,1,SAVE15,Winnipeg,15,Manitoba,834678,67,146.02
TXN00468,2024-02-02,CUST0137,Noise-Cancelling Headphones,156.72,4,WELCOME20,Ottawa-Gatineau,20,Ontario/Quebec,1488307,332,501.5
TXN00469,2024-05-17,CUST0083,Smartphone Case,25.58,3,SAVE10,Kitchener-Cambridge-Waterloo,10,Ontario,575847,227,69.07
TXN00470,2024-10-16,CUST0125,USB-C Hub,57.64,1,,Montreal,0,Quebec,4291732,75,57.64
TXN00471,2024-01-09,CUST0032,Smartphone Case,26.06,2,SAVE5,Winnipeg,5,Manitoba,834678,356,49.51
TXN00472,2024-08-07,CUST0052,Wireless Mouse,32.96,2,SAVE15,Calgary,15,Alberta,1481806,145,56.03
TXN00473,2024-05-20,CUST0024,USB-C Hub,56.19,3,,Edmonton,0,Alberta,1418118,224,168.57
TXN00474,2024-01-27,CUST0102,USB-C Hub,55.87,2,SAVE5,Montreal,5,Quebec,4291732,338,106.15
TXN00475,2024-01-01,CUST0055,Mechanical Keyboard,89.57,2,SAVE10,Ottawa-Gatineau,10,Ontario/Quebec,1488307,364,161.23
TXN00476,2024-12-14,CUST0114,Fitness Tracker,76.43,3,WELCOME20,Montreal,20,Quebec,4291732,16,183.43
TXN00477,2024-12-21,CUST0034,Portable SSD,118.97,2,SAVE5,Montreal,5,Quebec,4291732,9,226.04
TXN00478,2024-02-22,CUST0081,Mechanical Keyboard,87.61,3,,Quebec City,0,Quebec,839311,312,262.83
TXN00479,2024-11-24,CUST0174,USB-C Hub,50.61,5,SAVE10,Toronto,10,Ontario,6202225,36,227.74
TXN00480,2024-11-28,CUST0043,Desk Lamp,39.47,2,SAVE15,Vancouver,15,British Columbia,2642825,32,67.1
TXN00481,2024-11-11,CUST0176,Portable SSD,118.12,2,,Montreal,0,Quebec,4291732,49,236.24
TXN00482,2024-03-04,CUST0151,USB-C Hub,57.01,3,SAVE5,Edmonton,5,Alberta,1418118,301,162.48
TXN00483,2024-05-06,CUST0071,USB-C Hub,56.08,2,SAVE10,Kitchener-Cambridge-Waterloo,10,Ontario,575847,238,100.94
TXN00484,2024-11-07,CUST0073,Desk Lamp,42.18,1,WELCOME20,Calgary,20,Alberta,1481806,53,33.74
TXN00485,2024-09-22,CUST0156,Laptop Stand,47.34,4,,Toronto,0,Ontario,6202225,99,189.36
TXN00486,2024-09-10,CUST0099,Laptop Stand,43.59,4,SAVE15,Kitchener-Cambridge-Waterloo,15,Ontario,575847,111,148.21
TXN00487,2024-09-27,CUST0004,Mechanical Keyboard,98.75,3,,Quebec City,0,Quebec,839311,94,296.25
TXN00488,2024-08-03,CUST0094,Desk Lamp,40.32,2,WELCOME20,Winnipeg,20,Manitoba,834678,149,64.51
TXN00489,2024-01-09,CUST0151,Mechanical Keyboard,82.21,3,,Toronto,0,Ontario,6202225,356,246.63
TXN00490,2024-07-22,CUST0130,Wireless Mouse,28.71,5,WELCOME20,Quebec City,20,Quebec,839311,161,114.84
TXN00491,2024-12-25,CUST0103,Portable SSD,109.52,5,SAVE10,Kitchener-Cambridge-Waterloo,10,Ontario,575847,5,492.84
TXN00492,2024-05-22,CUST0022,USB-C Hub,52.43,5,,Vancouver,0,British Columbia,2642825,222,262.15
TXN00493,2024-06-16,CUST0101,Fitness Tracker,86.22,1,,Quebec City,0,Quebec,839311,197,86.22
TXN00494,2024-01-30,CUST0063,Laptop Stand,43.34,4,,Winnipeg,0,Manitoba,834678,335,173.36
TXN00495,2024-11-07,CUST0015,Desk Lamp,38.43,2,,Toronto,0,Ontario,6202225,53,76.86
TXN00496,2024-12-25,CUST0003,USB-C Hub,50.84,3,SAVE10,Hamilton,10,Ontario,785184,5,137.27
TXN00497,2024-03-26,CUST0096,Webcam,66.63,3,SAVE15,Montreal,15,Quebec,4291732,279,169.91
TXN00498,2024-06-20,CUST0110,Wireless Mouse,28.62,1,,Kitchener-Cambridge-Waterloo,0,Ontario,575847,193,28.62
TXN00499,2024-09-11,CUST0117,Mechanical Keyboard,90.18,1,SAVE5,Kitchener-Cambridge-Waterloo,5,Ontario,575847,110,85.67
TXN00500,2024-07-07,CUST0041,USB-C Hub,51.83,1,SAVE10,Montreal,10,Quebec,4291732,176,46.65
